Year,Chamber,Geography,Democrat,Republican,WAR,Sortable
2024,House,AL-01,Tom Holmes,Barry Moore,D+1.3,-1.3
2024,House,AL-02,Shomari Figures,Caroleene Dobson,D+2.2,-2.2
2024,House,AL-06,Elizabeth Anderson,Gary Palmer,D+4.5,-4.5
2024,House,AL-07,Terri Sewell,Robin Litaker,R+0.2,0.2
2024,House,AK-AL,Mary Peltola,Nick Begich,D+9.1,-9.1
2024,House,AZ-01,Amish Shah,David Schweikert,D+4,-4
2024,House,AZ-02,Jonathan Nez,Eli Crane,D+8.5,-8.5
2024,House,AZ-03,Yassamin Ansari,Jeff Zink,D+2.9,-2.9
2024,House,AZ-04,Greg Stanton,Kelly Cooper,R+1.7,1.7
2024,House,AZ-05,Katrina Schaffner,Andy Biggs,D+3.8,-3.8
2024,House,AZ-06,Kirsten Engel,Juan Ciscomani,D+3.7,-3.7
2024,House,AZ-07,Raul Grijalva,Daniel Butierez,D+0.6,-0.6
2024,House,AZ-08,Greg Whitten,Abraham Hamadeh,D+6.4,-6.4
2024,House,AZ-09,Quacy Smith,Paul Gosar,D+4,-4
2024,House,AR-01,Rodney Govens,Rick Crawford,R+2.8,2.8
2024,House,AR-02,Marcus Jones,French Hill,D+3.3,-3.3
2024,House,AR-03,Caitlin Draper,Steve Womack,R+2.9,2.9
2024,House,AR-04,Risie Howard,Bruce Westerman,R+1.7,1.7
2024,House,CA-01,Rose Penelope Yee,Doug LaMalfa,R+2.9,2.9
2024,House,CA-02,Jared Huffman,Chris Coulombe,R+4,4
2024,House,CA-03,Jessica Morse,Kevin Kiley,R+2.1,2.1
2024,House,CA-04,Mike Thompson,John Munn,R+2.1,2.1
2024,House,CA-05,Michael Barkley,Tom McClintock,R+2,2
2024,House,CA-06,Ami Bera,Christine Bish,R+0.9,0.9
2024,House,CA-07,Doris Matsui,Tom Silva,D+0.5,-0.5
2024,House,CA-08,John Garamendi,Rudy Recile,R+0.5,0.5
2024,House,CA-09,Josh Harder,Kevin Lincoln,R+0.1,0.1
2024,House,CA-10,Mark DeSaulnier,Katherine Piccinini,R+3.3,3.3
2024,House,CA-11,Nancy Pelosi,Bruce Lou,R+10.6,10.6
2024,House,CA-13,Adam Gray,John Duarte,D+5.2,-5.2
2024,House,CA-14,Eric Swalwell,Vin Kruttiventi,R+4.9,4.9
2024,House,CA-15,Kevin Mullin,Anna Cheng Kramer,R+6,6
2024,House,CA-17,Ro Khanna,Anita Chen,R+8.1,8.1
2024,House,CA-18,Zoe Lofgren,Peter Hernandez,R+6.9,6.9
2024,House,CA-19,Jimmy Panetta,Jason Anderson,D+0.7,-0.7
2024,House,CA-21,Jim Costa,Michael Maher,R+5.4,5.4
2024,House,CA-22,Rudy Salas,David Valadao,R+2.2,2.2
2024,House,CA-23,Derek Marshall,Jay Obernolte,R+0.5,0.5
2024,House,CA-24,Salud Carbajal,Thomas Cole,R+3,3
2024,House,CA-25,Raul Ruiz,Ian Weeks,D+4,-4
2024,House,CA-26,Julia Brownley,Michael Koslow,R+4.5,4.5
2024,House,CA-27,George Whitesides,Mike Garcia,D+1.3,-1.3
2024,House,CA-28,Judy Chu,April Verlato,R+0.6,0.6
2024,House,CA-29,Luz Rivas,Benito Bernal,D+1.6,-1.6
2024,House,CA-30,Laura Friedman,Alex Balekian,R+3.2,3.2
2024,House,CA-31,Gil Cisneros,Daniel Martinez,R+1.3,1.3
2024,House,CA-32,Brad Sherman,Larry Thompson,R+2.8,2.8
2024,House,CA-33,Pete Aguilar,Tom Herman,D+1.1,-1.1
2024,House,CA-35,Norma Torres,Mike Cargile,D+0,0
2024,House,CA-36,Ted Lieu,Melissa Toomim,R+4.5,4.5
2024,House,CA-38,Linda Sanchez,Eric Ching,R+2.4,2.4
2024,House,CA-39,Mark Takano,David Serpa,R+2.8,2.8
2024,House,CA-40,Joe Kerr,Young Kim,R+2.8,2.8
2024,House,CA-41,Will Rollins,Ken Calvert,D+6.4,-6.4
2024,House,CA-42,Robert Garcia,John Briscoe,R+1.7,1.7
2024,House,CA-43,Maxine Waters,Steve Williams,R+4.7,4.7
2024,House,CA-44,Nanette Barragan,Roger Groh,D+3.2,-3.2
2024,House,CA-45,Derek Tran,Michelle Steel,D+3.9,-3.9
2024,House,CA-46,Lou Correa,David Pan,D+4.6,-4.6
2024,House,CA-47,Dave Min,Scott Baugh,R+0.4,0.4
2024,House,CA-48,Stephen Houlahan,Darrell Issa,D+2.4,-2.4
2024,House,CA-49,Mike Levin,Matt Gunderson,R+4.9,4.9
2024,House,CA-50,Scott Peters,Peter Bono,R+4.1,4.1
2024,House,CA-51,Sara Jacobs,Bill Wells,R+4.2,4.2
2024,House,CA-52,Juan Vargas,Justin Lee,D+5.8,-5.8
2024,House,CO-01,Diana DeGette,Valdamar Archuleta,R+2.9,2.9
2024,House,CO-02,Joe Neguse,Marshall Dawson,R+1.4,1.4
2024,House,CO-03,Adam Frisch,Jeff Hurd,D+6.3,-6.3
2024,House,CO-04,Trisha Calvarese,Lauren Boebert,D+9.2,-9.2
2024,House,CO-05,River Gassen,Jeff Crank,R+2.6,2.6
2024,House,CO-06,Jason Crow,John Fabbricatore,R+1.9,1.9
2024,House,CO-07,Brittany Pettersen,Sergei Matveyuk,R+2,2
2024,House,CO-08,Yadira Caraveo,Gabe Evans,R+2.1,2.1
2024,House,CT-01,John Larson,Jim Griffin,D+2.5,-2.5
2024,House,CT-02,Joe Courtney,Mike France,D+5.8,-5.8
2024,House,CT-03,Rosa DeLauro,Michael Massey,D+0.1,-0.1
2024,House,CT-04,Jim Himes,Michael Goldstein,R+3.4,3.4
2024,House,CT-05,Jahana Hayes,George Logan,R+1.1,1.1
2024,House,DE-AL,Sarah McBride,John Whalen,D+0.1,-0.1
2024,House,FL-01,Gay Valimont,Matt Gaetz,D+8.5,-8.5
2024,House,FL-02,Yen Bailey,Neal Dunn,R+2.3,2.3
2024,House,FL-03,Tom Wells,Kat Cammack,D+2,-2
2024,House,FL-04,LaShonda Holloway,Aaron Bean,D+1.8,-1.8
2024,House,FL-05,Jay McGovern,John Rutherford,R+0.6,0.6
2024,House,FL-06,James Stockton,Michael Waltz,D+0.6,-0.6
2024,House,FL-07,Jennifer Adams,Cory Mills,D+3.4,-3.4
2024,House,FL-08,Sandy Kennedy,Mike Haridopolos,R+0.2,0.2
2024,House,FL-09,Darren Soto,Thomas Chalifoux,D+5.3,-5.3
2024,House,FL-10,Maxwell Frost,Willie Montague,R+2.5,2.5
2024,House,FL-11,Barbie Hall,Daniel Webster,R+0.6,0.6
2024,House,FL-12,Rock Aboujaoude,Gus Bilirakis,R+4.6,4.6
2024,House,FL-13,Whitney Fox,Anna Paulina Luna,D+6.1,-6.1
2024,House,FL-14,Kathy Castor,Robert Rochford,D+4.3,-4.3
2024,House,FL-15,Pat Kemp,Laurel Lee,D+2.6,-2.6
2024,House,FL-16,Jan Schneider,Vern Buchanan,D+1,-1
2024,House,FL-17,Manny Lopez,Greg Steube,R+0.5,0.5
2024,House,FL-18,Andrea Doria Kale,Scott Franklin,D+1,-1
2024,House,FL-19,Kari Lerner,Byron Donalds,D+0.9,-0.9
2024,House,FL-21,Thomas Witkop,Brian Mast,R+2.7,2.7
2024,House,FL-22,Lois Frankel,Dan Franzese,D+0.5,-0.5
2024,House,FL-23,Jared Moskowitz,Joe Kaufman,R+1.3,1.3
2024,House,FL-24,Frederica Wilson,Jesus Navarro,D+0.5,-0.5
2024,House,FL-25,Debbie Wasserman Schultz,Chris Eddy,R+1.3,1.3
2024,House,FL-26,Joey Atkins,Mario Diaz-Balart,R+3.6,3.6
2024,House,FL-27,Lucia Baez-Geller,Maria Elvira Salazar,R+3,3
2024,House,FL-28,Phil Ehr,Carlos Gimenez,R+2.7,2.7
2024,House,GA-01,Patti Hewitt,Buddy Carter,R+2.4,2.4
2024,House,GA-02,Sanford Bishop,Wayne Johnson,D+3,-3
2024,House,GA-03,Maura Keller,Brian Jack,D+0.3,-0.3
2024,House,GA-04,Hank Johnson,Eugene Yu,R+4,4
2024,House,GA-05,Nikema Williams,John Salvesen,R+1.1,1.1
2024,House,GA-06,Lucy McBath,Jeff Criswell,R+2.4,2.4
2024,House,GA-07,Bob Christian,Rich McCormick,R+1.4,1.4
2024,House,GA-08,Darrius Butler,Austin Scott,R+1.3,1.3
2024,House,GA-09,Tambrei Cash,Andrew Clyde,D+0.5,-0.5
2024,House,GA-10,Lexy Doherty,Mike Collins,D+0.9,-0.9
2024,House,GA-11,Kate Stamper,Barry Loudermilk,R+6,6
2024,House,GA-12,Liz Johnson,Rick Allen,R+2.7,2.7
2024,House,GA-13,David Scott,Jonathan Chavez,D+0.6,-0.6
2024,House,GA-14,Shawn Harris,Marjorie Taylor Greene,D+12.5,-12.5
2024,House,HI-01,Ed Case,Patrick Largey,D+17.1,-17.1
2024,House,HI-02,Jill Tokuda,Steve Bond,D+13,-13
2024,House,ID-01,Kaylee Peterson,Russ Fulcher,D+0.5,-0.5
2024,House,ID-02,David Roth,Mike Simpson,R+1.2,1.2
2024,House,IL-01,Jonathan Jackson,Marcus Lewis,R+3.8,3.8
2024,House,IL-02,Robin Kelly,Ashley Ramos,R+2,2
2024,House,IL-03,Delia Ramirez,John Booras,R+0.2,0.2
2024,House,IL-04,Chuy Garcia,Lupe Castillo,D+7.4,-7.4
2024,House,IL-05,Mike Quigley,Tom Hanson,D+0.7,-0.7
2024,House,IL-06,Sean Casten,Niki Conforti,R+0.4,0.4
2024,House,IL-07,Danny Davis,Chad Koppie,R+1.6,1.6
2024,House,IL-08,Raja Krishnamoorthi,Mark Rice,D+3.1,-3.1
2024,House,IL-09,Jan Schakowsky,Seth Cohen,R+1.8,1.8
2024,House,IL-10,Brad Schneider,Jim Carris,R+4,4
2024,House,IL-11,Bill Foster,Jerry Evans,R+3.1,3.1
2024,House,IL-12,Brian Roberts,Mike Bost,R+0.1,0.1
2024,House,IL-13,Nikki Budzinski,Joshua Loyd,D+3.3,-3.3
2024,House,IL-14,Lauren Underwood,Jim Marter,D+1.3,-1.3
2024,House,IL-17,Eric Sorensen,Joe McGraw,D+1.1,-1.1
2024,House,IN-01,Frank Mrvan,Randy Niemeyer,D+4.6,-4.6
2024,House,IN-02,Lori Camp,Rudy Yakym,D+1.2,-1.2
2024,House,IN-03,Kiley Adolph,Marlin Stutzman,R+3.5,3.5
2024,House,IN-04,Derrick Holder,Jim Baird,R+1.8,1.8
2024,House,IN-05,Deborah Pickett,Victoria Spartz,R+0.9,0.9
2024,House,IN-06,Cindy Wirth,Jefferson Shreve,D+1.3,-1.3
2024,House,IN-07,Andre Carson,John Schmitz,R+2.3,2.3
2024,House,IN-08,Erik Hurt,Mark Messmer,R+4,4
2024,House,IN-09,Tim Peck,Erin Houchin,D+0.9,-0.9
2024,House,IA-01,Christina Bohannan,Mariannette Miller-Meeks,D+11.3,-11.3
2024,House,IA-02,Sarah Corkery,Ashley Hinson,R+2.8,2.8
2024,House,IA-03,Lanon Baccam,Zach Nunn,D+4.6,-4.6
2024,House,IA-04,Ryan Melton,Randy Feenstra,D+0.2,-0.2
2024,House,KS-01,Paul Buskirk,Tracey Mann,R+2.9,2.9
2024,House,KS-02,Nancy Boyda,Derek Schmidt,D+0.4,-0.4
2024,House,KS-03,Sharice Davids,Prasanth Reddy,D+6.7,-6.7
2024,House,KS-04,Esau Freeman,Ron Estes,R+1.3,1.3
2024,House,KY-01,Erin Marshall,James Comer,R+0.2,0.2
2024,House,KY-02,Hank Linderman,Brett Guthrie,R+2.1,2.1
2024,House,KY-03,Morgan McGarvey,Mike Craven,D+1.7,-1.7
2024,House,KY-06,Randy Cravens,Andy Barr,R+5.5,5.5
2024,House,LA-01,Mel Manuel,Steve Scalise,R+4.8,4.8
2024,House,LA-02,Troy Carter,R,D+7.7,-7.7
2024,House,LA-03,D,Clay Higgins,R+0.2,0.2
2024,House,LA-05,D,Julia Letlow,R+5.8,5.8
2024,House,LA-06,Cleo Fields,Elbert Guillory,D+10.5,-10.5
2024,House,ME-01,Chellie Pingree,Ronald Russell,D+0,0
2024,House,ME-02,Jared Golden,Austin Theriault,D+5.9,-5.9
2024,House,MD-01,Blane Miller,Andy Harris,R+1.6,1.6
2024,House,MD-02,Johnny Olszewski,Kimberly Klacik,D+1.4,-1.4
2024,House,MD-03,Sarah Elfreth,Robert Steinberger,R+1.3,1.3
2024,House,MD-04,Glenn Ivey,George McDermott,R+0.8,0.8
2024,House,MD-05,Steny Hoyer,Michelle Talkington,R+1.2,1.2
2024,House,MD-06,April McClain Delaney,Neil Parrott,D+0.8,-0.8
2024,House,MD-07,Kweisi Mfume,Scott Collier,D+2.8,-2.8
2024,House,MD-08,Jamie Raskin,Cheryl Riley,R+3,3
2024,House,MA-08,Stephen Lynch,Robert Burke,D+11,-11
2024,House,MA-09,Bill Keating,Dan Sullivan,R+1.4,1.4
2024,House,MI-01,Callie Barr,Jack Bergman,D+2.6,-2.6
2024,House,MI-02,Michael Lynch,John Moolenaar,R+1.8,1.8
2024,House,MI-03,Hillary Scholten,Paul Hudson,D+0.4,-0.4
2024,House,MI-04,Jessica Swartz,Bill Huizenga,R+2,2
2024,House,MI-05,Libbi Urban,Tim Walberg,R+3.9,3.9
2024,House,MI-06,Debbie Dingell,Heather Smiley,D+2,-2
2024,House,MI-07,Curtis Hertel,Tom Barrett,R+1.4,1.4
2024,House,MI-08,Kristen McDonald Rivet,Paul Junge,D+8.6,-8.6
2024,House,MI-09,Clinton St. Mosley,Lisa McClain,R+3.5,3.5
2024,House,MI-10,Carl Marlinga,John James,D+2.9,-2.9
2024,House,MI-11,Haley Stevens,Nick Somberg,D+0.3,-0.3
2024,House,MI-12,Rashida Tlaib,James Hooper,D+1.7,-1.7
2024,House,MI-13,Shri Thanedar,Martell Bivings,D+0.4,-0.4
2024,House,MN-01,Rachel Bohman,Brad Finstad,R+1.1,1.1
2024,House,MN-02,Angie Craig,Joe Teirab,D+6.7,-6.7
2024,House,MN-03,Kelly Morrison,Tad Jude,R+2.4,2.4
2024,House,MN-04,Betty McCollum,May Lor Xiong,R+3,3
2024,House,MN-05,Ilhan Omar,Dalia Al-Aqidi,R+13.1,13.1
2024,House,MN-06,Jeanne Hendricks,Tom Emmer,D+0.1,-0.1
2024,House,MN-07,AJ Peters,Michelle Fischbach,R+1.3,1.3
2024,House,MN-08,Jennifer Schultz,Pete Stauber,D+0.9,-0.9
2024,House,MS-01,Dianne Black,Trent Kelly,D+0.1,-0.1
2024,House,MS-02,Bennie Thompson,Ron Eller,D+1,-1
2024,House,MS-04,Craig Raybon,Mike Ezell,R+2.2,2.2
2024,House,MO-01,Wesley Bell,Andrew Jones,D+4.1,-4.1
2024,House,MO-02,Ray Hartmann,Ann Wagner,D+2,-2
2024,House,MO-03,Bethany Mann,Bob Onder,D+2.4,-2.4
2024,House,MO-04,Jeanette Cass,Mark Alford,R+0.9,0.9
2024,House,MO-05,Emanuel Cleaver,Sean Smith,R+0.7,0.7
2024,House,MO-06,Pam May,Sam Graves,R+1.8,1.8
2024,House,MO-07,Missi Hesketh,Eric Burlison,R+0.2,0.2
2024,House,MO-08,Randi McCallian,Jason Smith,D+1.5,-1.5
2024,House,MT-01,Monica Tranel,Ryan Zinke,D+7.1,-7.1
2024,House,MT-02,John Driscoll,Troy Downing,D+0,0
2024,House,NE-01,Carol Blood,Mike Flood,R+2.2,2.2
2024,House,NE-02,Tony Vargas,Don Bacon,R+1.6,1.6
2024,House,NE-03,Daniel Ebers,Adrian Smith,R+2.6,2.6
2024,House,NV-01,Dina Titus,Mark Robertson,D+2.4,-2.4
2024,House,NV-03,Susie Lee,Drew Johnson,D+0.3,-0.3
2024,House,NV-04,Steven Horsford,John Lee,D+3.2,-3.2
2024,House,NH-01,Chris Pappas,Russell Prescott,D+3.2,-3.2
2024,House,NH-02,Maggie Goodlander,Lily Williams,D+1.7,-1.7
2024,House,NJ-01,Donald Norcross,Teddy Liddell,R+3.9,3.9
2024,House,NJ-02,Joe Salerno,Jeff Van Drew,R+1.6,1.6
2024,House,NJ-03,Herb Conaway,Rajesh Mohan,D+1.4,-1.4
2024,House,NJ-04,Matthew Jenkins,Chris Smith,R+2.9,2.9
2024,House,NJ-05,Josh Gottheimer,Mary Jo Guinchard,D+5.1,-5.1
2024,House,NJ-06,Frank Pallone,Scott Fegler,D+4.1,-4.1
2024,House,NJ-07,Sue Altman,Tom Kean,D+0,0
2024,House,NJ-08,Rob Menendez Jr.,Anthony Valdes,R+6.3,6.3
2024,House,NJ-09,Nellie Pou,Billy Prempeh,D+2.4,-2.4
2024,House,NJ-10,LaMonica McIver,Carmen Bucco,R+1.7,1.7
2024,House,NJ-11,Mikie Sherrill,Joseph Belnome,D+2.3,-2.3
2024,House,NJ-12,Bonnie Watson Coleman,Darius Mayfield,R+2.6,2.6
2024,House,NM-01,Melanie Stansbury,Steve Jones,R+1.1,1.1
2024,House,NM-02,Gabe Vasquez,Yvette Herrell,D+3.1,-3.1
2024,House,NM-03,Teresa Leger Fernandez,Sharon Clahchischilliage,D+4.5,-4.5
2024,House,NY-01,John Avlon,Nick LaLota,D+2.5,-2.5
2024,House,NY-02,Rob Lubin,Andrew Garbarino,R+3.7,3.7
2024,House,NY-03,Tom Suozzi,Michael LiPetri,D+1.9,-1.9
2024,House,NY-04,Laura Gillen,Anthony D'Esposito,D+2.5,-2.5
2024,House,NY-05,Gregory Meeks,Paul King,R+5.1,5.1
2024,House,NY-06,Grace Meng,Thomas Zmich,D+8.4,-8.4
2024,House,NY-07,Nydia Velazquez,William Kregler,D+5.9,-5.9
2024,House,NY-08,Hakeem Jeffries,John Delaney,D+0.8,-0.8
2024,House,NY-09,Yvette Clarke,Menachem Raitport,D+4.1,-4.1
2024,House,NY-10,Dan Goldman,Alex Dodenhoff,D+4,-4
2024,House,NY-11,Andrea Morse,Nicole Malliotakis,R+2.6,2.6
2024,House,NY-12,Jerrold Nadler,Michael Zumbluskas,R+4.6,4.6
2024,House,NY-13,Adriano Espaillat,Ruben Vargas,D+1.4,-1.4
2024,House,NY-14,Alexandria Ocasio-Cortez,Tina Forte,R+1.5,1.5
2024,House,NY-15,Ritchie Torres,Gonzalo Duran,R+1.2,1.2
2024,House,NY-16,George Latimer,Miram Levitt Flisser,D+7.6,-7.6
2024,House,NY-17,Mondaire Jones,Mike Lawler,R+3.8,3.8
2024,House,NY-18,Pat Ryan,Alison Esposito,D+8.1,-8.1
2024,House,NY-19,Josh Riley,Marc Molinaro,D+4.1,-4.1
2024,House,NY-20,Paul Tonko,Kevin Waltz,D+4.6,-4.6
2024,House,NY-21,Paula Collins,Elise Stefanik,R+0.2,0.2
2024,House,NY-22,John Mannion,Brandon Williams,D+5.1,-5.1
2024,House,NY-23,Thomas Carle,Nick Langworthy,R+6.7,6.7
2024,House,NY-24,David Wagenhauser,Claudia Tenney,R+5,5
2024,House,NY-25,Joe Morelle,Gregg Sadwick,D+1.5,-1.5
2024,House,NY-26,Tim Kennedy,Anthony Marecki,D+6.7,-6.7
2024,House,NC-01,Don Davis,Laurie Buckhout,D+2.6,-2.6
2024,House,NC-02,Deborah Ross,Alan Swain,R+0.5,0.5
2024,House,NC-04,Valerie Foushee,Eric Blankenburg,D+1.2,-1.2
2024,House,NC-05,Chuck Hubbard,Virginia Foxx,D+4.1,-4.1
2024,House,NC-07,Marlando Pridgen,David Rouzer,D+2.6,-2.6
2024,House,NC-08,Justin Dues,Mark Harris,D+2.7,-2.7
2024,House,NC-09,Nigel Bristow,Richard Hudson,D+2.3,-2.3
2024,House,NC-10,Ralph Scott Jr.,Pat Harrigan,D+0.9,-0.9
2024,House,NC-11,Caleb Rudow,Chuck Edwards,D+1.5,-1.5
2024,House,NC-12,Alma Adams,Addul Ali,R+0.3,0.3
2024,House,NC-13,Frank Pierce,Brad Knott,D+3.5,-3.5
2024,House,NC-14,Pam Genant,Tim Moore,D+3,-3
2024,House,ND-AL,Trygve Hammer,Julie Fedorchak,R+1.2,1.2
2024,House,OH-01,Greg Landsman,Orlando Sonza,D+1.7,-1.7
2024,House,OH-02,Samantha Meadows,David Taylor,R+0.8,0.8
2024,House,OH-03,Joyce Beatty,Michael Young,R+1.6,1.6
2024,House,OH-04,Tamie Wilson,Jim Jordan,D+3.9,-3.9
2024,House,OH-05,Keith Mundy,Bob Latta,R+1.5,1.5
2024,House,OH-06,Michael Kripchak,Michael Rulli,D+1.5,-1.5
2024,House,OH-07,Matt Diemer,Max Miller,R+0.6,0.6
2024,House,OH-08,Vanessa Enoch,Warren Davidson,D+2.3,-2.3
2024,House,OH-09,Marcy Kaptur,Derrick Merrin,D+4.8,-4.8
2024,House,OH-10,Amy Cox,Mike Turner,R+8.7,8.7
2024,House,OH-11,Shontel Brown,Alan Rapoport,D+4.1,-4.1
2024,House,OH-12,Jerrad Christian,Troy Balderson,R+0.9,0.9
2024,House,OH-13,Emilia Sykes,Kevin Coughlin,D+0.6,-0.6
2024,House,OH-14,Brian Kenderes,David Joyce,R+4.3,4.3
2024,House,OH-15,Adam Miller,Mike Carey,D+1.3,-1.3
2024,House,OK-01,Dennis Baker,Kevin Hern,D+0.5,-0.5
2024,House,OK-02,Brandon Wade,Josh Brecheen,D+4.9,-4.9
2024,House,OK-04,Mary Brannon,Tom Cole,R+0.4,0.4
2024,House,OK-05,Madison Horn,Stephanie Bice,D+2.6,-2.6
2024,House,OR-01,Suzanne Bonamici,Bob Todd,D+2.5,-2.5
2024,House,OR-02,Dan Ruby,Cliff Bentz,R+2.1,2.1
2024,House,OR-03,Maxine Dexter,Joanna Harbour,D+0,0
2024,House,OR-04,Val Hoyle,Monique DeSpain,R+6.3,6.3
2024,House,OR-05,Janelle Bynum,Lori Chavez-DeRemer,R+0.9,0.9
2024,House,OR-06,Andrea Salinas,Mike Erickson,R+6.9,6.9
2024,House,PA-01,Ashley Ehasz,Brian Fitzpatrick,R+8.8,8.8
2024,House,PA-02,Brendan Boyle,Haroon Bashir,D+3.9,-3.9
2024,House,PA-04,Madeleine Dean,David Winkler,D+0.3,-0.3
2024,House,PA-05,Mary Gay Scanlon,Alfe Goodwin,D+0.5,-0.5
2024,House,PA-06,Chrissy Houlahan,Neil Young Jr.,R+1.5,1.5
2024,House,PA-07,Susan Wild,Ryan Mackenzie,R+0.1,0.1
2024,House,PA-08,Matt Cartwright,Rob Bresnahan,D+2.9,-2.9
2024,House,PA-09,Amanda Waldman,Dan Meuser,D+0.2,-0.2
2024,House,PA-10,Janelle Stelson,Scott Perry,D+8.8,-8.8
2024,House,PA-11,Jim Atkinson,Lloyd Smucker,D+1.1,-1.1
2024,House,PA-12,Summer Lee,James Hayes,R+7.8,7.8
2024,House,PA-13,Beth Farnham,John Joyce,R+0.1,0.1
2024,House,PA-14,Christopher Dziados,Guy Reschenthaler,D+4,-4
2024,House,PA-15,Zacheray Womer,Glenn Thompson,R+1.4,1.4
2024,House,PA-16,Preston Nouri,Mike Kelly,R+0.7,0.7
2024,House,PA-17,Chris Deluzio,Rob Mercuri,D+1.8,-1.8
2024,House,RI-01,Gabe Amo,Allen Waters,D+6.3,-6.3
2024,House,RI-02,Seth Magaziner,Steve Corvi,D+5.8,-5.8
2024,House,SC-01,Michael Moore,Nancy Mace,D+1.1,-1.1
2024,House,SC-02,David Robinson,Joe Wilson,R+1.1,1.1
2024,House,SC-03,Byron Best,Sheri Biggs,R+4.7,4.7
2024,House,SC-04,Kathryn Harvey,William Timmons,D+4.4,-4.4
2024,House,SC-05,Evangeline Hundley,Ralph Norman,R+0.4,0.4
2024,House,SC-06,Jim Clyburn,Duke Buckner,R+3,3
2024,House,SC-07,Mal Hyman,Russell Fry,R+1.4,1.4
2024,House,SD-AL,Sheryl Johnson,Dusty Johnson,R+9.9,9.9
2024,House,TN-01,Kevin Jenkins,Diana Harshbarger,D+0.5,-0.5
2024,House,TN-02,Jane George,Tim Burchett,R+1.5,1.5
2024,House,TN-03,Jack Allen,Chuck Fleischmann,D+0.6,-0.6
2024,House,TN-04,Victoria Broderick,Scott DesJarlais,D+1,-1
2024,House,TN-05,Maryam Abolfazli,Andy Ogles,D+3.9,-3.9
2024,House,TN-06,Lore Bergman,John Rose,D+1.5,-1.5
2024,House,TN-07,Megan Barry,Mark Green,D+3.6,-3.6
2024,House,TN-08,Sarah Freeman,David Kustoff,R+1.8,1.8
2024,House,TN-09,Steve Cohen,Charlotte Bergmann,D+1.1,-1.1
2024,House,TX-02,Peter Filler,Dan Crenshaw,R+0.7,0.7
2024,House,TX-03,Sandeep Srivastava,Keith Self,R+1,1
2024,House,TX-04,Simon Cardell,Pat Fallon,R+0.5,0.5
2024,House,TX-05,Ruth Torres,Lance Gooden,D+2.3,-2.3
2024,House,TX-06,John Love III,Jake Ellzey,D+2.1,-2.1
2024,House,TX-07,Lizzie Fletcher,Caroline Kane,R+2.5,2.5
2024,House,TX-08,Laura Jones,Morgan Luttrell,D+2,-2
2024,House,TX-10,Theresa Boisseau,Michael McCaul,R+0.8,0.8
2024,House,TX-12,Trey Hunt,Craig Goldman,R+2.2,2.2
2024,House,TX-14,Rhonda Hart,Randy Weber,D+0.5,-0.5
2024,House,TX-15,Michelle Vallejo,Monica De La Cruz,D+5.6,-5.6
2024,House,TX-16,Veronica Escobar,Irene Armendariz-Jackson,R+4,4
2024,House,TX-17,Mark Lorenzen,Pete Sessions,R+0.7,0.7
2024,House,TX-18,Sylvester Turner,Lana Centonze,R+1.4,1.4
2024,House,TX-21,Kristin Hook,Chip Roy,D+2.6,-2.6
2024,House,TX-22,Marquette Greene-Scott,Troy Nehls,R+0.2,0.2
2024,House,TX-23,Santos Limon,Tony Gonzales,R+4.2,4.2
2024,House,TX-24,Sam Eppler,Beth Van Duyne,D+0,0
2024,House,TX-26,Ernest Lineberger III,Brandon Gill,R+1.8,1.8
2024,House,TX-27,Tanya Lloyd,Michael Cloud,D+0.8,-0.8
2024,House,TX-28,Henry Cuellar,Jay Furman,D+8.3,-8.3
2024,House,TX-29,Sylvia Garcia,Alan Garza,D+4.7,-4.7
2024,House,TX-31,Stuart Whitlow,John Carter,R+1.2,1.2
2024,House,TX-32,Julie Johnson,Darrell Day,R+1.7,1.7
2024,House,TX-33,Marc Veasey,Patrick Gillespie,R+4.2,4.2
2024,House,TX-34,Vicente Gonzalez,Mayra Flores,D+1.3,-1.3
2024,House,TX-35,Greg Casar,Steven Wright,R+3.9,3.9
2024,House,TX-36,Dayna Steele,Brian Babin,D+1.8,-1.8
2024,House,TX-37,Lloyd Doggett,Jenny Garcia Sharon,D+0.7,-0.7
2024,House,TX-38,Melissa McDonough,Wesley Hunt,D+1.4,-1.4
2024,House,UT-01,Bill Campbell,Blake Moore,R+5.4,5.4
2024,House,UT-02,Nathaniel Woodward,Celeste Maloy,D+0.4,-0.4
2024,House,UT-03,Glenn Wright,Mike Kennedy,R+10.5,10.5
2024,House,UT-04,Katrina Fallick-Wang,Burgess Owens,R+2.9,2.9
2024,House,VT-AL,Becca Balint,Mark Coester,D+0.3,-0.3
2024,House,VA-01,Leslie Mehta,Rob Wittman,R+0.7,0.7
2024,House,VA-02,Missy Cotter Smasal,Jen Kiggans,D+1.1,-1.1
2024,House,VA-03,Bobby Scott,John Sitka,D+3.2,-3.2
2024,House,VA-04,Jennifer McClellan,Bill Moher,R+0.9,0.9
2024,House,VA-05,Gloria Witt,John McGuire,R+1.8,1.8
2024,House,VA-06,Ken Mitchell,Ben Cline,R+1.1,1.1
2024,House,VA-07,Eugene Vindman,Derrick Anderson,D+1.2,-1.2
2024,House,VA-08,Don Beyer,Heerak Christian Kim,R+3.8,3.8
2024,House,VA-09,Karen Baker,Morgan Griffith,D+1.4,-1.4
2024,House,VA-10,Suhas Subramanyam,Mike Clancy,R+5.1,5.1
2024,House,VA-11,Gerry Connolly,Michael Von Meter,R+4.4,4.4
2024,House,WA-01,Suzan DelBene,Jeb Brewer,R+4.9,4.9
2024,House,WA-02,Rick Larsen,Cody Hart,D+2.2,-2.2
2024,House,WA-03,Marie Gluesenkamp Perez,Joe Kent,D+6,-6
2024,House,WA-05,Carmela Conroy,Michael Baumgartner,R+8.9,8.9
2024,House,WA-06,Emily Randall,Drew MacEwen,R+3.9,3.9
2024,House,WA-07,Pramila Jayapal,Dan Alexander,R+9.1,9.1
2024,House,WA-08,Kim Schrier,Carmen Goers,D+0.7,-0.7
2024,House,WA-10,Marilyn Strickland,Don Hewett,R+3.1,3.1
2024,House,WV-01,Chris Reed,Carol Miller,D+3.2,-3.2
2024,House,WV-02,Steve Wendelin,Riley Moore,R+2.2,2.2
2024,House,WI-01,Peter Barca,Bryan Steil,R+1.8,1.8
2024,House,WI-02,Mark Pocan,Erik Olsen,R+0.8,0.8
2024,House,WI-03,Rebecca Cooke,Derrick Van Orden,D+7.3,-7.3
2024,House,WI-04,Gwen Moore,Tim Rogers,D+1,-1
2024,House,WI-05,Ben Steinhoff,Scott Fitzgerald,R+1,1
2024,House,WI-06,John Zarbano,Glenn Grothman,R+2.5,2.5
2024,House,WI-07,Kyle Kilbourn,Tom Tiffany,R+2.2,2.2
2024,House,WI-08,Kristin Lyerly,Tony Wied,D+2.8,-2.8
2024,House,WY-AL,Kyle Cameron,Harriet Hageman,D+0.8,-0.8
2024,Senate,Arizona,Ruben Gallego,Kari Lake,D+7.2,-7.2
2024,Senate,California,Adam Schiff,Steve Garvey,R+4.1,4.1
2024,Senate,Connecticut,Chris Murphy,Matthew Corey,R+0.1,0.1
2024,Senate,Delaware,Lisa Blunt Rochester,Eric Hansen,D+1.4,-1.4
2024,Senate,Florida,Debbie Mucarsel-Powell,Rick Scott,D+1.6,-1.6
2024,Senate,Hawaii,Mazie Hirono,Bob McDermott,D+7.4,-7.4
2024,Senate,Indiana,Valerie McCray,Jim Banks,R+0.7,0.7
2024,Senate,Maine,Angus King,Demitroula Kouzounas,D+9.8,-9.8
2024,Senate,Maryland,Angela Alsobrooks,Larry Hogan,R+17.3,17.3
2024,Senate,Massachusetts,Elizabeth Warren,John Deaton,R+10.8,10.8
2024,Senate,Michigan,Elissa Slotkin,Mike Rogers,D+1.3,-1.3
2024,Senate,Minnesota,Amy Klobuchar,Royce White,D+8.5,-8.5
2024,Senate,Mississippi,Ty Pickens,Roger Wicker,R+0.6,0.6
2024,Senate,Missouri,Lucas Kunce,Josh Hawley,D+7.5,-7.5
2024,Senate,Montana,Jon Tester,Tim Sheehy,D+10.1,-10.1
2024,Senate,Nebraska,Dan Osborn (I),Deb Fischer,D+17.7,-17.7
2024,Senate,Nebraska Special,Preston Love Jr.,Pete Ricketts,R+2.8,2.8
2024,Senate,Nevada,Jacky Rosen,Sam Brown,D+1,-1
2024,Senate,New Jersey,Andy Kim,Curtis Bashaw,D+2,-2
2024,Senate,New Mexico,Martin Heinrich,Nella Domenici,D+0.7,-0.7
2024,Senate,New York,Kirsten Gillibrand,Mike Sapraicone,D+0.5,-0.5
2024,Senate,North Dakota,Katrina Christiansen,Kevin Cramer,D+7.5,-7.5
2024,Senate,Ohio,Sherrod Brown,Bernie Moreno,D+4.6,-4.6
2024,Senate,Pennsylvania,Bob Casey,Dave McCormick,R+1,1
2024,Senate,Rhode Island,Sheldon Whitehouse,Patricia Morgan,D+1.1,-1.1
2024,Senate,Tennessee,Gloria Johnson,Marsha Blackburn,D+1.4,-1.4
2024,Senate,Texas,Colin Allred,Ted Cruz,D+6.6,-6.6
2024,Senate,Utah,Caroline Gleich,John Curtis,R+8.4,8.4
2024,Senate,Vermont,Bernie Sanders,Gerald Malloy,R+3.9,3.9
2024,Senate,Virginia,Tim Kaine,Hung Cao,D+0.4,-0.4
2024,Senate,Washington,Maria Cantwell,Raul Garcia,R+2.8,2.8
2024,Senate,West Virginia,Glenn Elliott,Jim Justice,R+2.2,2.2
2024,Senate,Wisconsin,Tammy Baldwin,Eric Hovde,R+0.5,0.5
2024,Senate,Wyoming,Scott Morrow,John Barrasso,R+6.4,6.4
2022,House,AK-AL,Mary Peltola,Sarah Palin,D+22.1,-22.1
2022,House,AL-02,Phyllis Harvey-Hall,Barry Moore,R+1.1,1.1
2022,House,AL-03,Lin Veasey,Mike Rogers,R+3.1,3.1
2022,House,AL-04,Rick Neighbors,Robert Aderholt,R+0.7,0.7
2022,House,AL-05,Kathy Warner-Stanton,Dale Strong,R+3.7,3.7
2022,House,AL-07,Terri Sewell,Beatrice Nichols,D+3.1,-3.1
2022,House,AR-01,Monte Hodges,Rick Crawford,D+2.5,-2.5
2022,House,AR-02,Quintessa Hathaway,French Hill,R+3.1,3.1
2022,House,AR-03,Lauren Mallett-Hays,Steve Womack,D+1.9,-1.9
2022,House,AR-04,John White,Bruce Westerman,R+1.3,1.3
2022,House,AZ-01,Jevin Hodge,David Schweikert,D+2.3,-2.3
2022,House,AZ-02,Tom O'Halleran,Eli Crane,D+1.8,-1.8
2022,House,AZ-03,Ruben Gallego,Jeff Zink,D+5.1,-5.1
2022,House,AZ-04,Greg Stanton,Kelly Cooper,D+3.9,-3.9
2022,House,AZ-05,Javier Ramos,Andy Biggs,D+2.3,-2.3
2022,House,AZ-06,Kirsten Engel,Juan Ciscomani,D+1.6,-1.6
2022,House,AZ-07,Raul Grijalva,Luis Pozzolo,R+2.3,2.3
2022,House,CA-01,Max Steiner,Doug LaMalfa,D+3.7,-3.7
2022,House,CA-02,Jared Huffman,Douglas Brower,D+1,-1
2022,House,CA-03,Kermit Jones,Kevin Kiley,D+0.8,-0.8
2022,House,CA-04,Mike Thompson,Matt Brock,D+1.9,-1.9
2022,House,CA-05,Michael Barkley,Tom McClintock,R+0.2,0.2
2022,House,CA-06,Ami Bera,Tamika Hamilton,R+1.7,1.7
2022,House,CA-07,Doris Matsui,Max Semenenko,D+3.6,-3.6
2022,House,CA-08,John Garamendi,Rudy Recile,D+1.8,-1.8
2022,House,CA-09,Josh Harder,Tom Patti,D+3.5,-3.5
2022,House,CA-11,Nancy Pelosi,John Dennis,R+2.9,2.9
2022,House,CA-12,Barbara Lee,Stephen Slauson,D+3.4,-3.4
2022,House,CA-13,Adam Gray,John Duarte,R+2.6,2.6
2022,House,CA-14,Eric Swalwell,Alison Hayden,R+2.3,2.3
2022,House,CA-17,Ro Khanna,Ritesh Tandon,R+1.2,1.2
2022,House,CA-18,Zoe Lofgren,Peter Hernandez,R+7.6,7.6
2022,House,CA-19,Jimmy Panetta,Jeff Gorman,D+0.7,-0.7
2022,House,CA-20,Marisa Wood,Kevin McCarthy,D+0.7,-0.7
2022,House,CA-21,Jim Costa,Michael Maher,R+6.2,6.2
2022,House,CA-22,Rudy Salas,David Valadao,R+4.9,4.9
2022,House,CA-23,Derek Marshall,Jay Obernolte,R+1.7,1.7
2022,House,CA-24,Salud Carbajal,Brad Allen,R+4.5,4.5
2022,House,CA-25,Raul Ruiz,Brian Hawkins,D+5.9,-5.9
2022,House,CA-26,Julia Brownley,Matt Jacobs,R+5.3,5.3
2022,House,CA-27,Christy Smith,Mike Garcia,R+8.7,8.7
2022,House,CA-28,Judy Chu,Wes Hallman,D+3.5,-3.5
2022,House,CA-31,Grace Napolitano,Daniel Martinez,R+5.3,5.3
2022,House,CA-32,Brad Sherman,Lucie Volotzky,R+0.1,0.1
2022,House,CA-33,Pete Aguilar,John Porter,R+4.6,4.6
2022,House,CA-35,Norma Torres,Mike Cargile,R+8,8
2022,House,CA-36,Ted Lieu,Joe Collins,R+1,1
2022,House,CA-38,Linda Sanchez,Eric Ching,R+8.5,8.5
2022,House,CA-39,Mark Takano,Aja Smith,R+5.5,5.5
2022,House,CA-40,Asif Mahmood,Young Kim,R+5.7,5.7
2022,House,CA-41,Will Rollins,Ken Calvert,D+6.3,-6.3
2022,House,CA-42,Robert Garcia,John Briscoe,R+1.3,1.3
2022,House,CA-43,Maxine Waters,Omar Navarro,R+3.1,3.1
2022,House,CA-44,Nanette Barragan,Paul Jones,D+0.9,-0.9
2022,House,CA-45,Jay Chen,Michelle Steel,R+0.9,0.9
2022,House,CA-46,Lou Correa,Christopher Gonzales,R+1.9,1.9
2022,House,CA-47,Katie Porter,Scott Baugh,R+2.4,2.4
2022,House,CA-48,Stephen Houlahan,Darrell Issa,D+2.7,-2.7
2022,House,CA-49,Mike Levin,Brian Maryott,R+1.2,1.2
2022,House,CA-50,Scott Peters,Corey Gustafson,R+4.3,4.3
2022,House,CA-51,Sara Jacobs,Stan Caplan,D+0.4,-0.4
2022,House,CA-52,Juan Vargas,Tyler Geffeney,D+1.3,-1.3
2022,House,CO-01,Diana DeGette,Jennier Qualteri,R+0.9,0.9
2022,House,CO-02,Joe Neguse,Marshall Dawson,R+1.5,1.5
2022,House,CO-03,Adam Frisch,Lauren Boebert,D+10.4,-10.4
2022,House,CO-04,Ike McCorkle,Ken Buck,R+2.8,2.8
2022,House,CO-05,David Torres,Doug Lamborn,R+1.5,1.5
2022,House,CO-06,Jason Crow,Steven Monahan,R+2.5,2.5
2022,House,CO-07,Brittany Pettersen,Erik Aadland,D+0.9,-0.9
2022,House,CO-08,Yadira Caraveo,Barbara Kirkmeyer,R+2.6,2.6
2022,House,CT-01,John Larson,Larry Lazor,R+2,2
2022,House,CT-02,Joe Courtney,Mike France,D+9.2,-9.2
2022,House,CT-03,Rosa DeLauro,Lesley DeNardis,R+1.1,1.1
2022,House,CT-04,Jim Himes,Jayme Stevenson,R+10,10
2022,House,CT-05,Jahana Hayes,George Logan,R+6.6,6.6
2022,House,DE-AL,Lisa Blunt Rochester,Lee Murphy,R+3.6,3.6
2022,House,FL-01,Rebekah Jones,Matt Gaetz,D+9.9,-9.9
2022,House,FL-02,Al Lawson,Neal Dunn,D+2.4,-2.4
2022,House,FL-03,Danielle Hawk,Kat Cammack,D+1.4,-1.4
2022,House,FL-04,LaShonda Holloway,Aaron Bean,R+0.9,0.9
2022,House,FL-07,Karen Green,Cory Mills,D+0.8,-0.8
2022,House,FL-08,Joanne Terry,Bill Posey,D+1.5,-1.5
2022,House,FL-09,Darren Soto,Scotty Moore,R+0,0
2022,House,FL-10,Maxwell Frost,Calvin Wimbish,R+0.8,0.8
2022,House,FL-11,Shante Munns,Daniel Webster,R+2.7,2.7
2022,House,FL-12,Kimberly Walker,Gus Bilirakis,D+1.1,-1.1
2022,House,FL-13,Eric Lynn,Anna Paulina Luna,D+8.4,-8.4
2022,House,FL-14,Kathy Castor,James Judge,D+2.8,-2.8
2022,House,FL-15,Alan Cohn,Laurel Lee,R+2.3,2.3
2022,House,FL-16,Jan Schneider,Vern Buchanan,R+1,1
2022,House,FL-17,Andrea Kale,Greg Steube,D+0.4,-0.4
2022,House,FL-19,Cindy Banyai,Byron Donalds,R+1.4,1.4
2022,House,FL-20,Sheila Cherfilus-McCormick,Drew-Montez Clark,D+2,-2
2022,House,FL-21,Corinna Balderramos Robinson,Brian Mast,R+3.8,3.8
2022,House,FL-22,Lois Frankel,Daniel Franzese,D+1.7,-1.7
2022,House,FL-23,Jared Moskowitz,Joe Budd,D+1.4,-1.4
2022,House,FL-24,Frederica Wilson,Jesus Navarro,D+5,-5
2022,House,FL-25,Debbie Wasserman Schultz,Carla Spalding,D+0.4,-0.4
2022,House,FL-26,Christine Olivo,Mario Diaz-Balart,R+8.3,8.3
2022,House,FL-27,Annette Taddeo,Maria Elvira Salazar,D+0.1,-0.1
2022,House,FL-28,Robert Asencio,Carlos Gimenez,R+5.7,5.7
2022,House,GA-01,Wade Herring,Buddy Carter,D+1.8,-1.8
2022,House,GA-02,Sanford Bishop,Chris West,D+3.5,-3.5
2022,House,GA-03,Val Amonord,Drew Ferguson,D+0.6,-0.6
2022,House,GA-04,Hank Johnson,Jonathan Chavez,D+2.8,-2.8
2022,House,GA-05,Nikema Williams,Christian Zimm,D+0.5,-0.5
2022,House,GA-06,Bob Christian,Rich McCormick,R+4.2,4.2
2022,House,GA-07,Lucy McBath,Mark Gonsalves,D+0.6,-0.6
2022,House,GA-08,Darrius Butler,Austin Scott,R+1.5,1.5
2022,House,GA-09,Mike Ford,Andrew Clyde,D+1.4,-1.4
2022,House,GA-10,Tabitha Johnson-Green,Mike Collins,D+0.4,-0.4
2022,House,GA-11,Antonio Daza,Barry Loudermilk,R+1.4,1.4
2022,House,GA-12,Liz Johnson,Rick Allen,R+0.6,0.6
2022,House,GA-13,David Scott,Caesar Gonzales,D+7.5,-7.5
2022,House,GA-14,Marcus Flowers,Marjorie Taylor Greene,D+12.1,-12.1
2022,House,HI-01,Ed Case,Conrad Kress,D+18,-18
2022,House,HI-02,Jill Tokuda,Joe Akana,R+0.3,0.3
2022,House,IA-01,Christina Bohannan,Mariannette Miller-Meeks,D+1.6,-1.6
2022,House,IA-02,Liz Mathis,Ashley Hinson,D+1.5,-1.5
2022,House,IA-03,Cindy Axne,Zach Nunn,D+1.9,-1.9
2022,House,IA-04,Ryan Melton,Randy Feenstra,R+4.4,4.4
2022,House,ID-01,Kaylee Peterson,Russ Fulcher,R+1.9,1.9
2022,House,ID-02,Wendy Norman,Mike Simpson,D+2.9,-2.9
2022,House,IL-01,Jonathan Jackson,Eric Carlson,R+5.1,5.1
2022,House,IL-02,Robin Kelly,Thomas Lynch,R+3.9,3.9
2022,House,IL-03,Delia Ramirez,Justin Burau,R+1.7,1.7
2022,House,IL-04,Chuy Garcia,James Falakos,R+2.5,2.5
2022,House,IL-05,Mike Quigley,Tommy Hanson,D+0.7,-0.7
2022,House,IL-06,Sean Casten,Keith Pekau,R+1.1,1.1
2022,House,IL-08,Raja Krishnamoorthi,Chris Dargis,R+1,1
2022,House,IL-09,Jan Schakowsky,Max Rice,D+1.8,-1.8
2022,House,IL-10,Brad Schneider,Joseph Severino,D+0.6,-0.6
2022,House,IL-11,Bill Foster,Cataline Lauf,R+0.6,0.6
2022,House,IL-12,Chip Markel,Mike Bost,R+1.3,1.3
2022,House,IL-13,Nikki Budzinski,Regan Deering,D+5.5,-5.5
2022,House,IL-14,Lauren Underwood,Scott Gryder,R+1.1,1.1
2022,House,IL-15,Paul Lange,Mary Miller,D+0.9,-0.9
2022,House,IL-16,Elizabeth Haderlein,Darin LaHood,R+5.2,5.2
2022,House,IL-17,Eric Sorensen,Esther Joy King,R+0.8,0.8
2022,House,IN-01,Frank Mrvan,Jennfier-Ruth Green,R+0.9,0.9
2022,House,IN-02,Paul Steury,Rudy Yakym,R+5.5,5.5
2022,House,IN-03,Gary Snyder,Jim Banks,D+0.1,-0.1
2022,House,IN-04,Roger Day,Jim Baird,R+1.4,1.4
2022,House,IN-05,Jeannine Lee Lake,Victoria Spartz,D+1,-1
2022,House,IN-06,Cinde Wirth,Greg Pence,D+4.1,-4.1
2022,House,IN-07,Andre Carson,Angela Grabovsky,R+2.1,2.1
2022,House,IN-08,Ray McCormick,Larry Bucshon,D+3.9,-3.9
2022,House,IN-09,Matthew Fyfe,Erin Houchin,D+0.8,-0.8
2022,House,KS-01,Jimmy Beard,Tracey Mann,R+3.2,3.2
2022,House,KS-02,Patrick Schmidt,Jake LaTurner,D+3.4,-3.4
2022,House,KS-03,Sharice Davids,Amanda Adkins,D+6.4,-6.4
2022,House,KS-04,Bob Hernandez,Ron Estes,R+0.8,0.8
2022,House,KY-01,Jimmy Ausbrooks,James Comer,R+0.7,0.7
2022,House,KY-02,Hank Linderman,Brett Guthrie,R+0.5,0.5
2022,House,KY-03,Morgan McGarvey,Stuart Ray,D+5.8,-5.8
2022,House,KY-04,Matt Lehman,Thomas Massie,D+3.7,-3.7
2022,House,KY-05,Conor Halbleib,Hal Rogers,D+0.7,-0.7
2022,House,KY-06,Geoff Young,Andy Barr,R+12.3,12.3
2022,House,LA-01,Katie Darling,Steve Scalise,D+3.8,-3.8
2022,House,LA-02,Troy Carter,Dan Lux,D+10.2,-10.2
2022,House,LA-03,Various Dems,Clay Higgins,R+9,9
2022,House,LA-05,Various Dems,Julia Letlow,R+8.8,8.8
2022,House,MA-01,Richard Neal,Dean Martilli,R+0.7,0.7
2022,House,MA-02,Jim McGovern,Jeffrey Sossa-Paquette,R+0.5,0.5
2022,House,MA-03,Lori Trahan,Dean Tran,R+1.3,1.3
2022,House,MA-05,Katherine Clark,Caroline Colarusso,R+4.8,4.8
2022,House,MA-06,Seth Moulton,Bob May,R+1.8,1.8
2022,House,MA-07,Ayanna Pressley,Donnie Palmer,R+3.6,3.6
2022,House,MA-08,Stephen Lynch,Robert Burke,D+2.6,-2.6
2022,House,MA-09,Bill Keating,Jesse Brown,R+2.2,2.2
2022,House,MD-01,Heather Mizeur,Andy Harris,D+7.5,-7.5
2022,House,MD-02,Dutch Ruppersberger,Nicolee Ambrose,R+2.3,2.3
2022,House,MD-03,John Sarbanes,Yuripzy Morgan,R+4.9,4.9
2022,House,MD-04,Glenn Ivey,Jeff Warner,D+3.1,-3.1
2022,House,MD-05,Steny Hoyer,Chris Palombi,R+3.3,3.3
2022,House,MD-06,David Trone,Neil Parrott,D+0.9,-0.9
2022,House,MD-07,Kweisi Mfume,Scott Collier,D+3.1,-3.1
2022,House,MD-08,Jamie Raskin,Gregory Coll,D+0.3,-0.3
2022,House,ME-01,Chellie Pingree,Ed Thelander,R+2.2,2.2
2022,House,ME-02,Jared Golden,Bruce Poliquin,D+8.3,-8.3
2022,House,MI-01,Bob Lorinser,Jack Bergman,R+1.9,1.9
2022,House,MI-02,Jerry Hilliard,John Moolenaar,D+0.9,-0.9
2022,House,MI-03,Hillary Scholten,John Gibbs,D+5.7,-5.7
2022,House,MI-04,Joseph Alfonso,Bill Huizenga,R+4.7,4.7
2022,House,MI-05,Bart Goldberg,Tim Walberg,R+1.2,1.2
2022,House,MI-06,Debbie Dingell,Whittney Williams,D+2.4,-2.4
2022,House,MI-07,Elissa Slotkin,Tom Barrett,D+2.7,-2.7
2022,House,MI-08,Dan Kildee,Paul Junge,D+6.7,-6.7
2022,House,MI-09,Brian Jaye,Lisa McClain,R+0.4,0.4
2022,House,MI-10,Carl Marlinga,John James,D+0.9,-0.9
2022,House,MI-11,Haley Stevens,Mark Ambrose,D+1.6,-1.6
2022,House,MI-12,Rashida Tlaib,Steve Elliott,R+4.1,4.1
2022,House,MI-13,Shri Thanedar,Martell Bivings,D+1.9,-1.9
2022,House,MN-01,Jeff Ettinger,Brad Finstad,D+1.5,-1.5
2022,House,MN-02,Angie Craig,Tyler Kistner,R+0.9,0.9
2022,House,MN-03,Dean Phillips,Tom Weiler,R+0.7,0.7
2022,House,MN-04,Betty McCollum,May Lor Xiong,R+2.6,2.6
2022,House,MN-05,Ilhan Omar,Cicely Davis,R+12.3,12.3
2022,House,MN-06,Jeanne Hendricks,Tom Emmer,R+0.7,0.7
2022,House,MN-07,Jill Abahsain,Michelle Fischbach,R+3.1,3.1
2022,House,MN-08,Jennifer Schultz,Pete Stauber,D+0.4,-0.4
2022,House,MO-01,Cori Bush,Andrew Jones,R+6.6,6.6
2022,House,MO-02,Trish Gunby,Ann Wagner,D+1.1,-1.1
2022,House,MO-03,Bethany Mann,Blaine Luetkemeyer,D+2.5,-2.5
2022,House,MO-04,Jack Truman,Mark Alford,R+3,3
2022,House,MO-05,Emanuel Cleaver,Jacob Turk,R+0.1,0.1
2022,House,MO-06,Henry Martin,Sam Graves,R+0.5,0.5
2022,House,MO-07,Kristen Radaker-Sheafer,Eric Burlison,R+0,0
2022,House,MO-08,Randi McCallian,Jason Smith,D+2.2,-2.2
2022,House,MS-01,Dianne Black,Trent Kelly,R+1.6,1.6
2022,House,MS-02,Bennie Thompson,Brian Flowers,D+2,-2
2022,House,MS-03,Shuwaski Young,Michael Guest,R+4.2,4.2
2022,House,MS-04,Johnny DuPree,Mike Ezell,R+0.9,0.9
2022,House,MT-01,Monica Tranel,Ryan Zinke,D+7,-7
2022,House,NC-01,Don Davis,Sandy Smith,D+1.1,-1.1
2022,House,NC-02,Deborah Ross,Christine Villaverde,D+0.9,-0.9
2022,House,NC-03,Barbara Gaskins,Greg Murphy,R+2.1,2.1
2022,House,NC-04,Valerie Foushee,Courtney Geels,D+0.7,-0.7
2022,House,NC-05,Kyle Parrish,Virginia Foxx,D+0.6,-0.6
2022,House,NC-06,Kathy Manning,Christian Castelli,R+1.7,1.7
2022,House,NC-07,Charles Graham,David Rouzer,D+3.5,-3.5
2022,House,NC-08,Scott Huffman,Dan Bishop,D+0.5,-0.5
2022,House,NC-09,Ben Clark,Richard Hudson,D+1.6,-1.6
2022,House,NC-10,Pam Genant,Patrick McHenry,R+0.2,0.2
2022,House,NC-11,Jasmine Beach-Ferrera,Chuck Edwards,D+2.8,-2.8
2022,House,NC-12,Alma Adams,Tyler Lee,R+3.1,3.1
2022,House,NC-13,Wiley Nickel,Bo Hines,D+5,-5
2022,House,NC-14,Jeff Jackson,Pat Harrigan,D+2.8,-2.8
2022,House,ND-AL,Cara Mund (I),Kelly Armstrong,D+15.6,-15.6
2022,House,NE-01,Patty Pansing Brooks,Mike Flood,D+0.8,-0.8
2022,House,NE-02,Tony Vargas,Don Bacon,R+3,3
2022,House,NE-03,David Else,Adrian Smith,R+7.7,7.7
2022,House,NH-01,Chris Pappas,Karoline Leavitt,R+0.3,0.3
2022,House,NH-02,Annie Kuster,Robert Burns,R+1.1,1.1
2022,House,NJ-01,Donald Norcross,Claire Gustafson,D+5.9,-5.9
2022,House,NJ-02,Tim Alexander,Jeff Van Drew,R+5,5
2022,House,NJ-03,Andy Kim,Bob Healey Jr.,D+2,-2
2022,House,NJ-04,Matthew Jenkins,Chris Smith,R+5.1,5.1
2022,House,NJ-05,Josh Gottheimer,Frank Pallotta,D+2.7,-2.7
2022,House,NJ-06,Frank Pallone,Sue Kiley,D+1,-1
2022,House,NJ-07,Tom Malinowski,Tom Kean,R+2.2,2.2
2022,House,NJ-08,Rob Menendez Jr.,Marcos Arroyo,D+11.3,-11.3
2022,House,NJ-09,Bill Pascrell,Billy Prempeh,R+3.8,3.8
2022,House,NJ-10,Donald Payne Jr.,David Pinckney,D+1.6,-1.6
2022,House,NJ-11,Mikie Sherrill,Paul DeGroot,D+6.6,-6.6
2022,House,NJ-12,Bonnie Watson Coleman,Darius Mayfield,R+2.7,2.7
2022,House,NM-01,Melanie Stansbury,Michelle Garcia Holmes,R+3.4,3.4
2022,House,NM-02,Gabe Vasquez,Yvette Herrell,D+0.2,-0.2
2022,House,NM-03,Teresa Leger Fernandez,Alexis Martinez Johnson,D+5.4,-5.4
2022,House,NV-01,Dina Titus,Mark Robertson,D+2.1,-2.1
2022,House,NV-02,Elizabeth Krause,Mark Amodei,R+2.3,2.3
2022,House,NV-03,Susie Lee,April Becker,D+2.1,-2.1
2022,House,NV-04,Steven Horsford,Sam Peters,D+1.5,-1.5
2022,House,NY-01,Bridget Fleming,Nick LaLota,R+0.1,0.1
2022,House,NY-02,Jackie Gordon,Andrew Garbarino,R+6.1,6.1
2022,House,NY-03,Robert Zimmerman,George Santos,R+3.9,3.9
2022,House,NY-04,Laura Gillen,Anthony D'Esposito,R+6.1,6.1
2022,House,NY-05,Gregory Meeks,Paul King,R+1.4,1.4
2022,House,NY-06,Grace Meng,Thomas Zmich,D+7.1,-7.1
2022,House,NY-07,Nydia Velazquez,Juan Pagan,D+6.9,-6.9
2022,House,NY-08,Hakeem Jeffries,Yuri Dashevsky,R+0.3,0.3
2022,House,NY-10,Dan Goldman,Benine Hamdan,D+7.6,-7.6
2022,House,NY-11,Max Rose,Nicole Malliotakis,R+2.1,2.1
2022,House,NY-12,Jerrold Nadler,Michael Zumbluskas,R+0.7,0.7
2022,House,NY-14,Alexandria Ocasio-Cortez,Tina Forte,R+1.4,1.4
2022,House,NY-15,Ritchie Torres,Stylo Sapaskis,D+5.9,-5.9
2022,House,NY-16,Jamaal Bowman,Miriam Flisser,R+5.9,5.9
2022,House,NY-17,Sean Patrick Maloney,Mike Lawler,R+1.7,1.7
2022,House,NY-18,Pat Ryan,Colin Schmitt,D+2.7,-2.7
2022,House,NY-19,Josh Riley,Marc Molinaro,D+4,-4
2022,House,NY-20,Paul Tonko,Liz Joy,R+0.4,0.4
2022,House,NY-21,Matt Castelli,Elise Stefanik,D+5.7,-5.7
2022,House,NY-22,Francis Conole,Brandon Williams,D+1.9,-1.9
2022,House,NY-23,Max Della Pia,Nick Langworthy,R+1.2,1.2
2022,House,NY-24,Steve Holden,Claudia Tenney,R+1,1
2022,House,NY-25,Joe Morelle,La'Ron Singletary,R+3.3,3.3
2022,House,NY-26,Brian Higgins,Steven Sams,D+12.4,-12.4
2022,House,OH-01,Greg Landsman,Steve Chabot,D+1.4,-1.4
2022,House,OH-02,Samantha Meadows,Brad Wenstrup,D+0.4,-0.4
2022,House,OH-03,Joyce Beatty,Lee Stahley,R+3.2,3.2
2022,House,OH-04,Tamie Wilson,Jim Jordan,D+2.1,-2.1
2022,House,OH-05,Craig Swartz,Bob Latta,R+2.7,2.7
2022,House,OH-06,Louis Lyras,Bill Johnson,R+2.9,2.9
2022,House,OH-07,Matthew Diemer,Max Miller,D+0.8,-0.8
2022,House,OH-08,Vanessa Enoch,Warren Davidson,R+1.8,1.8
2022,House,OH-09,Marcy Kaptur,JR Majewski,D+15.6,-15.6
2022,House,OH-10,David Esrati,Mike Turner,R+14.5,14.5
2022,House,OH-11,Shontel Brown,Eric Brewer,R+2.2,2.2
2022,House,OH-12,Amy Rippel-Elton,Troy Balderson,R+3.5,3.5
2022,House,OH-13,Emilia Sykes,Madison Gesiotto,D+4,-4
2022,House,OH-14,Matt Kilboy,David Joyce,R+4.7,4.7
2022,House,OH-15,Gary Josephson,Mike Carey,R+1.8,1.8
2022,House,OK-01,Adam Martin,Kevin Hern,R+0.2,0.2
2022,House,OK-02,Naomi Andrews,Josh Brecheen,D+4.2,-4.2
2022,House,OK-03,Jeremiah Ross,Frank Lucas,R+0.4,0.4
2022,House,OK-04,Mary Brannon,Tom Cole,D+3.1,-3.1
2022,House,OK-05,Joshua Harris-Till,Stephanie Bice,D+1.7,-1.7
2022,House,OR-01,Suzanne Bonamici,Christopher Mann,R+1.5,1.5
2022,House,OR-02,Joe Yetter,Cliff Bentz,R+1.6,1.6
2022,House,OR-03,Earl Blumenauer,Joanna Harbour,R+0.5,0.5
2022,House,OR-04,Val Hoyle,Alek Skarlatos,R+0,0
2022,House,OR-05,Jamie McLeod-Skinner,Lori Chavez-DeRemer,R+5.8,5.8
2022,House,OR-06,Andrea Salinas,Mike Erickson,R+4.9,4.9
2022,House,PA-01,Ashley Ehasz,Brian Fitzpatrick,R+11.9,11.9
2022,House,PA-02,Brendan Boyle,Aaron Bashir,D+7.7,-7.7
2022,House,PA-04,Madeleine Dean,Christian Nascimento,D+1.2,-1.2
2022,House,PA-05,Mary Gay Scanlon,David Galluch,R+2.2,2.2
2022,House,PA-06,Chrissy Houlahan,Guy Ciarrocchi,D+1.2,-1.2
2022,House,PA-07,Susan Wild,Lisa Scheller,D+0.8,-0.8
2022,House,PA-08,Matt Cartwright,Jim Bognet,D+4.5,-4.5
2022,House,PA-09,Amanda Waldman,Dan Meuser,D+1.6,-1.6
2022,House,PA-10,Shamaine Daniels,Scott Perry,D+1.1,-1.1
2022,House,PA-11,Bob Hollister,Lloyd Smucker,D+2.2,-2.2
2022,House,PA-12,Summer Lee,Mike Doyle,R+6.8,6.8
2022,House,PA-15,Mike Molesevich,Glenn Thompson,D+0.3,-0.3
2022,House,PA-16,Dan Pastore,Mike Kelly,D+4,-4
2022,House,PA-17,Chris Deluzio,Jeremy Shaffer,D+1.4,-1.4
2022,House,RI-01,David Cicilline,Allen Waters,D+2.2,-2.2
2022,House,RI-02,Seth Magaziner,Allan Fung,R+3.8,3.8
2022,House,SC-01,Annie Andrews,Nancy Mace,D+4.6,-4.6
2022,House,SC-02,Judd Larkins,Joe Wilson,D+2.3,-2.3
2022,House,SC-05,Evangeline Hundley,Ralph Norman,R+0.6,0.6
2022,House,SC-06,Jim Clyburn,Duke Buckner,R+2.3,2.3
2022,House,SC-07,Daryl Scott,Russell Fry,R+2.2,2.2
2022,House,TN-01,Cameron Parsons,Diana Harshbarger,D+2.4,-2.4
2022,House,TN-02,Mark Harmon,Tim Burchett,D+1.8,-1.8
2022,House,TN-03,Meg Gorman,Chuck Fleischmann,D+0.3,-0.3
2022,House,TN-04,Wayne Steele,Scott DesJarlais,R+1.5,1.5
2022,House,TN-05,Heidi Campbell,Andy Ogles,D+3.3,-3.3
2022,House,TN-06,Randal Cooper,John Rose,D+4.7,-4.7
2022,House,TN-07,Odessa Kelly,Mark Green,D+1.4,-1.4
2022,House,TN-08,Lynnette Williams,David Kustoff,R+4.7,4.7
2022,House,TN-09,Steve Cohen,Charlotte Bergmann,D+3,-3
2022,House,TX-01,Jrmar Jefferson,Nathaniel Moran,R+2.8,2.8
2022,House,TX-02,Robin Fulford,Dan Crenshaw,D+1.9,-1.9
2022,House,TX-03,Sandeep Srivastava,Keith Self,R+1.1,1.1
2022,House,TX-04,Iro Omere,Pat Fallon,R+0.6,0.6
2022,House,TX-05,Tartisha Hill,Lance Gooden,D+2.3,-2.3
2022,House,TX-07,Lizzie Fletcher,Johnny Teague,D+2.2,-2.2
2022,House,TX-08,Laura Jones,Morgan Luttrell,R+2.1,2.1
2022,House,TX-09,Al Green,Jimmy Leon,D+6.2,-6.2
2022,House,TX-10,Linda Nuno,Michael McCaul,R+0.8,0.8
2022,House,TX-12,Trey Hunt,Kay Granger,R+0.2,0.2
2022,House,TX-13,Kathleen Brown,Ronny Jackson,D+5.1,-5.1
2022,House,TX-14,Mikal Williams,Randy Weber,R+2.1,2.1
2022,House,TX-15,Michelle Vallejo,Monica De La Cruz,D+1.5,-1.5
2022,House,TX-16,Veronica Escobar,Irene Armendariz-Jackson,R+3.7,3.7
2022,House,TX-17,Mary Jo Woods,Pete Sessions,R+0.1,0.1
2022,House,TX-18,Sheila Jackson Lee,Carmen Maria Montiel,D+2.1,-2.1
2022,House,TX-20,Joaquin Castro,Kyle Sinclair,D+8.9,-8.9
2022,House,TX-21,Claudia Zapata,Chip Roy,D+4.1,-4.1
2022,House,TX-22,Jamie Jordan,Troy Nehls,R+0.4,0.4
2022,House,TX-23,John Lira,Tony Gonzales,R+1.1,1.1
2022,House,TX-24,Jan Mcdowell,Beth Van Duyne,D+2.8,-2.8
2022,House,TX-27,Maclovio Perez,Michael Cloud,D+4.2,-4.2
2022,House,TX-28,Henry Cuellar,Cassy Garcia,D+11.8,-11.8
2022,House,TX-29,Sylvia Garcia,Robert Schafranek,D+10.5,-10.5
2022,House,TX-30,Jasmine Crockett,James Rodgers,D+5,-5
2022,House,TX-32,Colin Allred,Antonio Swad,D+3.5,-3.5
2022,House,TX-33,Marc Veasey,Patrick Gillespie,D+2.6,-2.6
2022,House,TX-34,Vicente Gonzalez,Mayra Flores,D+0.4,-0.4
2022,House,TX-35,Greg Casar,Dan McQueen,D+6,-6
2022,House,TX-36,Jon Haire,Brian Babin,D+2.8,-2.8
2022,House,TX-37,Lloyd Doggett,Jenny Garcia Sharon,D+6.8,-6.8
2022,House,TX-38,Duncan Klussmann,Wesley Hunt,R+0.8,0.8
2022,House,UT-01,Rick Jones,Blake Moore,R+4.3,4.3
2022,House,UT-02,Nick Mitchell,Chris Stewart,D+0.3,-0.3
2022,House,UT-03,Glenn Wright,John Curtis,R+6.8,6.8
2022,House,UT-04,Darlene McDonald,Burgess Owens,D+6.2,-6.2
2022,House,VA-01,Herb Jones,Rob Wittman,D+2.1,-2.1
2022,House,VA-02,Elaine Luria,Jen Kiggans,R+0.9,0.9
2022,House,VA-03,Bobby Scott,Terry Namkung,R+0.1,0.1
2022,House,VA-04,Donald McEachin,Leon Benjamin,R+2.4,2.4
2022,House,VA-05,Joshua Throneburg,Bob Good,R+0.1,0.1
2022,House,VA-06,Jennifer Lewis,Ben Cline,D+1,-1
2022,House,VA-07,Abigail Spanberger,Yesli Vega,D+2.4,-2.4
2022,House,VA-08,Don Beyer,Karina Lipsman,R+4.2,4.2
2022,House,VA-09,Taysha DeVaughan,Morgan Griffith,D+2.2,-2.2
2022,House,VA-10,Jennifer Wexton,Hung Cao,R+6.8,6.8
2022,House,VA-11,Gerry Connolly,James Myles,R+4.6,4.6
2022,House,VT-AL,Becca Balint,Liam Madden,D+3.2,-3.2
2022,House,WA-01,Suzan DelBene,Vincent Cavaleri,R+5.7,5.7
2022,House,WA-02,Rick Larsen,Dan Matthews,R+5.2,5.2
2022,House,WA-03,Marie Gluesenkamp Perez,Joe Kent,D+5.8,-5.8
2022,House,WA-04,Doug White,Dan Newhouse,R+14.2,14.2
2022,House,WA-05,Natasha Hill,Cathy McMorris Rodgers,R+5.4,5.4
2022,House,WA-06,Derek Kilmer,Elizabeth Kreiselmaier,D+0.1,-0.1
2022,House,WA-07,Pramila Jayapal,Cliff Moon,R+7.4,7.4
2022,House,WA-08,Kim Schrier,Matt Larkin,R+1,1
2022,House,WA-09,Adam Smith,Doug Basler,R+2.8,2.8
2022,House,WA-10,Marilyn Strickland,Keith Swank,R+5.6,5.6
2022,House,WI-01,Ann Roe,Bryan Steil,R+4.5,4.5
2022,House,WI-02,Mark Pocan,Erik Olsen,R+0.2,0.2
2022,House,WI-03,Brad Pfaff,Derrick Van Orden,D+0.5,-0.5
2022,House,WI-04,Gwen Moore,Tim Rogers,R+0.1,0.1
2022,House,WI-05,Mike Van Someren,Scott Fitzgerald,R+2.3,2.3
2022,House,WI-07,Richard Ausman,Tom Tiffany,R+0.8,0.8
2022,House,WV-01,Lacy Watson,Carol Miller,D+3.9,-3.9
2022,House,WV-02,Barry Lee Wendell,Alex Mooney,D+7.6,-7.6
2022,House,WY-AL,Lynnette Grey Bull,Harriet Hageman,D+0.6,-0.6
2022,Senate,Utah,Evan McMullin,Mike Lee,D+19,-19
2022,Senate,Hawaii,Brian Schatz,Bob McDermott,D+16.2,-16.2
2022,Senate,Oklahoma Special,Kendra Horn,Markwayne Mullin,D+8.3,-8.3
2022,Senate,Kentucky,Charles Booker,Rand Paul,D+7.7,-7.7
2022,Senate,Arizona,Mark Kelly,Blake Masters,D+6.5,-6.5
2022,Senate,Vermont,Peter Welch,Gerald Malloy,D+6.5,-6.5
2022,Senate,Georgia,Raphael Warnock,Herschel Walker,D+6.2,-6.2
2022,Senate,Missouri,Trudy Busch Valentine,Eric Schmitt,D+5.5,-5.5
2022,Senate,Oklahoma,Madison Horn,James Lankford,D+5.5,-5.5
2022,Senate,Pennsylvania,John Fetterman,Mehmet Oz,D+4.8,-4.8
2022,Senate,Ohio,Tim Ryan,JD Vance,D+3.5,-3.5
2022,Senate,Nevada,Catherine Cortez Masto,Adam Laxalt,D+2.8,-2.8
2022,Senate,Iowa,Mike Franken,Chuck Grassley,D+1.8,-1.8
2022,Senate,Arkansas,Natalie James,John Boozman,D+1.6,-1.6
2022,Senate,North Carolina,Cheri Beasley,Ted Budd,D+1.3,-1.3
2022,Senate,Oregon,Ron Wyden,Jo Rae Perkins,D+1.3,-1.3
2022,Senate,Wisconsin,Mandela Barnes,Ron Johnson,D+0.5,-0.5
2022,Senate,Indiana,Thomas McDermott,Todd Young,D+0.3,-0.3
2022,Senate,Illinois,Tammy Duckworth,Kathy Salvi,D+0.2,-0.2
2022,Senate,Florida,Val Demings,Marco Rubio,R+0,0
2022,Senate,Colorado,Michael Bennet,Joe O'Dea,R+0.2,0.2
2022,Senate,New Hampshire,Maggie Hassan,Don Bolduc,R+0.7,0.7
2022,Senate,New York,Chuck Schumer,Joe Pinion,R+0.8,0.8
2022,Senate,Maryland,Chris Van Hollen,Chris Chaffee,R+1.4,1.4
2022,Senate,Connecticut,Richard Blumenthal,Leora Levy,R+1.9,1.9
2022,Senate,Alabama,Will Boyd,Katie Britt,R+2,2
2022,Senate,California,Alex Padilla,Mark Meuser,R+2.8,2.8
2022,Senate,South Carolina,Krystle Matthews,Tim Scott,R+2.9,2.9
2022,Senate,Kansas,Mark Holland,Jerry Moran,R+5.3,5.3
2022,Senate,Washington,Patty Murray,Tiffany Smiley,R+5.9,5.9
2022,Senate,South Dakota,Brian Bengs,John Thune,R+12.3,12.3
2020,House,AL-01,James Averhart,Jerry Carl,D+2.9,-2.9
2020,House,AL-02,Phyllis Harvey-Hall,Barry Moore,D+1.8,-1.8
2020,House,AL-03,Ada Winfrey,Mike Rogers,D+1.8,-1.8
2020,House,AL-04,Rick Neighbors,Robert Aderholt,D+3.7,-3.7
2020,House,AK-AL,Alyse Galvin,Don Young,D+5.7,-5.7
2020,House,AZ-01,Tom O'Halleran,Tiffany Shedd,D+1.7,-1.7
2020,House,AZ-02,Ann Kirkpatrick,Brandon Martin,R+0.2,0.2
2020,House,AZ-03,Raul Grijalva,Daniel Wood,D+0.5,-0.5
2020,House,AZ-04,Delina DiSanto,Paul Gosar,D+3.3,-3.3
2020,House,AZ-05,Joan Greene,Andy Biggs,D+3,-3
2020,House,AZ-06,Hiral Tipirneni,David Schweikert,D+3.9,-3.9
2020,House,AZ-07,Ruben Gallego,Joshua Barnett,D+2.7,-2.7
2020,House,AZ-08,Michael Muscato,Debbie Lesko,D+2.1,-2.1
2020,House,AZ-09,Greg Stanton,David Giles,R+0.2,0.2
2020,House,AR-02,Joyce Elliott,French Hill,D+1.6,-1.6
2020,House,AR-03,Celeste Williams,Steve Womack,R+1.3,1.3
2020,House,AR-04,William Hanson,Bruce Westerman,R+1.7,1.7
2020,House,CA-01,Audrey Denney,Doug LaMalfa,D+5.5,-5.5
2020,House,CA-02,Jared Huffman,Dale Mensing,R+1.2,1.2
2020,House,CA-03,John Garamendi,Tamika Hamilton,R+3.8,3.8
2020,House,CA-04,Brynne Kennedy,Tom McClintock,D+2.2,-2.2
2020,House,CA-05,Mike Thompson,Scott Giblin,D+1.9,-1.9
2020,House,CA-06,Doris Matsui,Chris Bish,D+0.5,-0.5
2020,House,CA-07,Ami Bera,Buzz Patterson,R+1.9,1.9
2020,House,CA-08,Christine Bubser,Jay Obernolte,D+2,-2
2020,House,CA-09,Jerry McNerney,Tony Amador,R+4.3,4.3
2020,House,CA-10,Josh Harder,Ted Howze,D+6.9,-6.9
2020,House,CA-11,Mark DeSaulnier,Nisha Sharma,R+6.2,6.2
2020,House,CA-13,Barbara Lee,Nikka Piterman,R+3.2,3.2
2020,House,CA-14,Jackie Speier,Ran Petel,R+1.4,1.4
2020,House,CA-15,Eric Swalwell,Alison Hayden,R+6.5,6.5
2020,House,CA-16,Jim Costa,Kevin Cookingham,R+2.1,2.1
2020,House,CA-17,Ro Khanna,Ritesh Tandon,R+7.5,7.5
2020,House,CA-19,Zoe Lofgren,Justin Aguilera,R+3.5,3.5
2020,House,CA-20,Jimmy Panetta,Jeff Gorman,D+3.2,-3.2
2020,House,CA-21,TJ Cox,David Valadao,R+11.8,11.8
2020,House,CA-22,Phil Arballo,Devin Nunes,D+3.1,-3.1
2020,House,CA-23,Kim Mangone,Kevin McCarthy,R+0.3,0.3
2020,House,CA-24,Salud Carbajal,Andy Caldwell,R+6.7,6.7
2020,House,CA-25,Christy Smith,Mike Garcia,R+5.7,5.7
2020,House,CA-26,Julia Brownley,Ronda Kennedy,R+4.9,4.9
2020,House,CA-27,Judy Chu,Johnny Nalbandian,D+1.6,-1.6
2020,House,CA-28,Adam Schiff,Eric Early,R+2.4,2.4
2020,House,CA-30,Brad Sherman,Mark Reed,R+4.4,4.4
2020,House,CA-31,Pete Aguilar,Agnes Gibboney,D+1.4,-1.4
2020,House,CA-32,Grace Napolitano,Joshua Scott,R+0.8,0.8
2020,House,CA-33,Ted Lieu,James Bradley,R+8.5,8.5
2020,House,CA-35,Norma Torres,Mark Cargile,D+3.7,-3.7
2020,House,CA-36,Raul Ruiz,Erin Cruz,D+6.8,-6.8
2020,House,CA-37,Karen Bass,Errol Webber,R+2,2
2020,House,CA-39,Gil Cisneros,Young Kim,R+10.4,10.4
2020,House,CA-40,Lucille Roybal-Allard,Antonio Delgado,R+13.3,13.3
2020,House,CA-41,Mark Takano,Aja Smith,D+2,-2
2020,House,CA-42,Liam O'Mara,Ken Calvert,R+0.3,0.3
2020,House,CA-43,Maxine Waters,Joe Collins,R+12.9,12.9
2020,House,CA-45,Katie Porter,Greg Raths,R+4.1,4.1
2020,House,CA-46,Lou Correa,James Waters,D+4,-4
2020,House,CA-47,Alan Lowenthal,John Briscoe,R+3.5,3.5
2020,House,CA-48,Harley Rouda,Michelle Steel,R+4.4,4.4
2020,House,CA-49,Mike Levin,Brian Maryott,R+5.8,5.8
2020,House,CA-50,Ammar Campa-Najjar,Darrell Issa,D+4,-4
2020,House,CA-51,Juan Vargas,Juan Hidalgo,R+3.1,3.1
2020,House,CA-52,Scott Peters,Jim DeBello,R+6.7,6.7
2020,House,CO-01,Diana DeGette,Shane Bolling,R+3.7,3.7
2020,House,CO-02,Joe Neguse,Charlie Winn,R+3.7,3.7
2020,House,CO-03,Diane Mitsch Bush,Lauren Boebert,D+2.3,-2.3
2020,House,CO-04,Ike McCorkle,Ken Buck,R+2.3,2.3
2020,House,CO-05,Jillian Freeland,Doug Lamborn,R+1.1,1.1
2020,House,CO-06,Jason Crow,Steve House,D+0,0
2020,House,CO-07,Ed Perlmutter,Casper Stockham,R+0,0
2020,House,CT-01,John Larson,Mary Fay,D+0,0
2020,House,CT-02,Joe Courtney,Justin Anderson,D+10.7,-10.7
2020,House,CT-03,Rosa DeLauro,Margaret Streicker,R+1.3,1.3
2020,House,CT-04,Jim Himes,Jonathan Riddle,R+4.3,4.3
2020,House,CT-05,Jahana Hayes,David Sullivan,D+1.4,-1.4
2020,House,DE-AL,Lisa Blunt Rochester,Lee Murphy,R+1.1,1.1
2020,House,FL-01,Phil Ehr,Matt Gaetz,D+8.3,-8.3
2020,House,FL-03,Adam Christensen,Kat Cammack,D+2,-2
2020,House,FL-04,Donna Deegan,John Rutherford,D+4.2,-4.2
2020,House,FL-05,Al Lawson,Gary Adler,D+3.3,-3.3
2020,House,FL-06,Clint Curtis,Michael Waltz,D+0.8,-0.8
2020,House,FL-07,Stephanie Murphy,Leo Valentin,D+2,-2
2020,House,FL-08,Jim Kennedy,Bill Posey,R+0,0
2020,House,FL-09,Darren Soto,Bill Olson,D+3.1,-3.1
2020,House,FL-10,Val Demings,Vennia Francois,D+1.5,-1.5
2020,House,FL-11,Dana Cottrell,Daniel Webster,D+2.3,-2.3
2020,House,FL-12,Kimberly Walker,Gus Bilirakis,R+3.8,3.8
2020,House,FL-13,Charlie Crist,Anna Paulina Luna,D+1.3,-1.3
2020,House,FL-14,Kathy Castor,Christine Quinn,D+3.2,-3.2
2020,House,FL-15,Alan Cohn,Scott Franklin,R+0.2,0.2
2020,House,FL-16,Margaret Good,Vern Buchanan,D+0.8,-0.8
2020,House,FL-17,Allen Ellison,Greg Steube,D+0.4,-0.4
2020,House,FL-18,Pam Keith,Brian Mast,R+2.9,2.9
2020,House,FL-19,Cindy Banyai,Byron Donalds,D+0.9,-0.9
2020,House,FL-20,Alcee Hastings,Greg Musselwhite,D+0.5,-0.5
2020,House,FL-21,Lois Frankel,Laura Loomer,D+2.5,-2.5
2020,House,FL-22,Ted Deutch,Jim Pruden,D+0.7,-0.7
2020,House,FL-23,Debbie Wasserman Schultz,Carla Spalding,R+3.6,3.6
2020,House,FL-24,Frederica Wilson,Lavern Spicer,D+3.1,-3.1
2020,House,FL-26,Debbie Mucarsel-Powell,Carlos Gimenez,R+2.1,2.1
2020,House,FL-27,Donna Shalala,Maria Elvira Salazar,R+8.8,8.8
2020,House,GA-01,Joyce Griggs,Buddy Carter,D+1.3,-1.3
2020,House,GA-02,Sanford Bishop,Don Cole,D+5.2,-5.2
2020,House,GA-03,Val Almonord,Drew Ferguson,D+2.2,-2.2
2020,House,GA-04,Hank Johnson,Joshie Cruz,D+2.7,-2.7
2020,House,GA-05,Nikema Williams,Angela Stanton-King,R+1.7,1.7
2020,House,GA-06,Lucy McBath,Karen Handel,D+0.5,-0.5
2020,House,GA-07,Carolyn Bourdeaux,Rich McCormick,D+1.9,-1.9
2020,House,GA-08,Lindsay Holliday,Austin Scott,D+1.9,-1.9
2020,House,GA-09,Devin Pandy,Andrew Clyde,D+1.3,-1.3
2020,House,GA-10,Tabitha Johnson-Green,Jody Hice,D+1.7,-1.7
2020,House,GA-11,Dana Barrett,Barry Loudermilk,D+1.1,-1.1
2020,House,GA-12,Liz Johnson,Rick Allen,D+1.5,-1.5
2020,House,GA-13,David Scott,Becky Hites,D+4.1,-4.1
2020,House,GA-14,Kevin Van Ausdal,Marjorie Taylor Greene,D+3.8,-3.8
2020,House,HI-01,Ed Case,Ron Curtis,D+13.9,-13.9
2020,House,HI-02,Kai Kahele,Joe Akana,D+3.9,-3.9
2020,House,ID-01,Rudy Soto,Russ Fulcher,D+1.7,-1.7
2020,House,ID-02,C. Aaron Swisher,Mike Simpson,R+4.2,4.2
2020,House,IL-01,Bobby Rush,Philanise White,R+4.3,4.3
2020,House,IL-02,Robin Kelly,Theresa Raborn,R+0.9,0.9
2020,House,IL-03,Marie Newman,Mike Fricilone,R+1.1,1.1
2020,House,IL-04,Chuy Garcia,Jesus Solorio Jr.,D+1.3,-1.3
2020,House,IL-05,Mike Quigley,Tommy Hanson,R+4.2,4.2
2020,House,IL-06,Sean Casten,Jeanne Ives,R+5,5
2020,House,IL-07,Danny Davis,Craig Cameron,R+5.7,5.7
2020,House,IL-09,Jan Schakowsky,Sargis Sangari,R+5.3,5.3
2020,House,IL-10,Brad Schneider,Valerie Mukherjee,R+5.3,5.3
2020,House,IL-11,Bill Foster,Rick Laib,R+1.1,1.1
2020,House,IL-12,Raymond Lenzi,Mike Bost,R+2.1,2.1
2020,House,IL-13,Betsy Dirksen Londrigan,Rodney Davis,R+2.2,2.2
2020,House,IL-14,Lauren Underwood,Jim Oberweis,R+0.8,0.8
2020,House,IL-15,Erika Weaver,Mary Miller,D+2.4,-2.4
2020,House,IL-16,Dan Brzozowski,Adam Kinzinger,R+9.2,9.2
2020,House,IL-17,Cheri Bustos,Esther Joy King,D+4,-4
2020,House,IL-18,George Petrilli,Darin LaHood,R+10.6,10.6
2020,House,IN-01,Frank Mrvan,Mark Leyva,D+6.8,-6.8
2020,House,IN-02,Pat Hackett,Jackie Walorski,D+1.8,-1.8
2020,House,IN-03,Chip Coldiron,Jim Banks,D+0.1,-0.1
2020,House,IN-04,Joe Mackey,Jim Baird,D+1.8,-1.8
2020,House,IN-05,Christina Hale,Victoria Spartz,D+1.6,-1.6
2020,House,IN-06,Jannine Lee Lake,Greg Pence,D+2.6,-2.6
2020,House,IN-07,Andrew Carson,Susan Marie Smith,R+3.4,3.4
2020,House,IN-08,E. Thomasina Marsili,Larry Bucshon,R+1.4,1.4
2020,House,IN-09,Andy Ruff,Trey Hollingsworth,R+0.6,0.6
2020,House,IA-01,Abby Finkenauer,Ashley Hinson,R+0.2,0.2
2020,House,IA-02,Rita Hart,Mariannette Miller-Meeks,D+4.6,-4.6
2020,House,IA-03,Cindy Axne,David Young,D+1.2,-1.2
2020,House,IA-04,J.D. Scholten,Randy Feenstra,D+4.1,-4.1
2020,House,KS-01,Kali Barnett,Tracey Mann,D+3,-3
2020,House,KS-02,Michelle De La Isla,Jake LaTurner,D+2.3,-2.3
2020,House,KS-03,Sharice Davids,Amanda Adkins,D+1,-1
2020,House,KS-04,Laura Lombard,Ron Estes,D+0.5,-0.5
2020,House,KY-01,James Rhodes,James Comer,D+2.5,-2.5
2020,House,KY-02,Hank Linderman,Brett Guthrie,R+3.2,3.2
2020,House,KY-03,John Yarmuth,Rhonda Palazzo,D+3.2,-3.2
2020,House,KY-04,Alexandra Owensby,Thomas Massie,D+3.2,-3.2
2020,House,KY-05,Matthew Best,Hal Rogers,R+1.9,1.9
2020,House,KY-06,Josh Hicks,Andy Barr,R+2.6,2.6
2020,House,LA-01,Lee Ann Dugas,Steve Scalise,R+1.5,1.5
2020,House,LA-02,Cedric Richmond,David Schilling,D+5.4,-5.4
2020,House,LA-03,Braylon Harris,Clay Higgins,D+3.6,-3.6
2020,House,LA-04,Kenny Houston,Mike Johnson,R+4.1,4.1
2020,House,LA-05,Various Dems,Luke Letlow,R+2,2
2020,House,LA-06,Dartanyon Williams,Garret Graves,R+11.5,11.5
2020,House,ME-01,Chellie Pingree,Jay Allen,D+1.1,-1.1
2020,House,ME-02,Jared Golden,Dale Crafts,D+13,-13
2020,House,MD-01,Mia Mason,Andy Harris,R+0.1,0.1
2020,House,MD-02,Dutch Ruppersberger,Johnny Ray Salling,D+3,-3
2020,House,MD-03,John Sarbanes,Charles Anthony,D+0.4,-0.4
2020,House,MD-04,Anthony Brown,George McDermott,R+1.1,1.1
2020,House,MD-05,Steny Hoyer,Chris Palombi,R+1.8,1.8
2020,House,MD-06,David Trone,Neil Parrott,R+3,3
2020,House,MD-07,Kweisi Mfume,Kimberly Klacik,R+13.1,13.1
2020,House,MD-08,Jamie Raskin,Gregory Coll,R+4.9,4.9
2020,House,MA-02,Jim McGovern,Tracy Lovvorn,D+3.7,-3.7
2020,House,MA-04,Jake Auchincloss,Julie Hall,R+8.4,8.4
2020,House,MA-05,Katherine Clark,Caroline Colarusso,R+2.9,2.9
2020,House,MA-06,Seth Moulton,John Paul Moran,D+4,-4
2020,House,MA-09,Bill Keating,Helen Brady,D+7.3,-7.3
2020,House,MI-01,Dana Ferguson,Jack Bergman,R+2.9,2.9
2020,House,MI-02,Bryan Berghoef,Bill Huizenga,R+4.4,4.4
2020,House,MI-03,Hillary Scholten,Peter Meijer,R+0.1,0.1
2020,House,MI-04,Jerry Hilliard,John Moolenaar,R+4.7,4.7
2020,House,MI-05,Dan Kildee,Tim Kelly,D+6.6,-6.6
2020,House,MI-06,Joan Hoadley,Fred Upton,R+7.7,7.7
2020,House,MI-07,Gretchen Driskell,Tim Walberg,D+1.3,-1.3
2020,House,MI-08,Elissa Slotkin,Paul Junge,D+4.4,-4.4
2020,House,MI-09,Andy Levin,Charles Langworthy,D+5.9,-5.9
2020,House,MI-10,Kimberly Bizon,Lisa McClain,D+1,-1
2020,House,MI-11,Haley Stevens,Eric Esshaki,R+0.9,0.9
2020,House,MI-12,Debbie Dingell,Jeff Jones,D+4.8,-4.8
2020,House,MI-13,Rashida Tlaib,David Dudenhoefer,R+0.5,0.5
2020,House,MI-14,Brenda Lawrence,Robert Patrick,D+1.1,-1.1
2020,House,MN-01,Dan Feehan,Jim Hagedorn,D+10.9,-10.9
2020,House,MN-02,Angie Craig,Tyler Kistner,R+3.6,3.6
2020,House,MN-03,Dean Phillips,Kendall Qualls,R+6.7,6.7
2020,House,MN-04,Betty McCollum,Gene Rechtzigel,R+1.6,1.6
2020,House,MN-05,Ilhan Omar,Lacy Johnson,R+20.3,20.3
2020,House,MN-06,Tawnja Zahradka,Tom Emmer,R+4.7,4.7
2020,House,MN-07,Collin Peterson,Michelle Fischbach,D+15.3,-15.3
2020,House,MN-08,Quinn Nystrom,Pete Stauber,R+2.2,2.2
2020,House,MS-01,Antonia Eliason,Trent Kelly,R+1.1,1.1
2020,House,MS-02,Bennie Thompson,Brian Flowers,D+2.5,-2.5
2020,House,MS-03,Dot Benford,Michael Guest,R+2.3,2.3
2020,House,MO-01,Cori Bush,Anthony Rogers,R+0.9,0.9
2020,House,MO-02,Jill Schupp,Ann Wagner,R+0.9,0.9
2020,House,MO-03,Megan Rezabek,Blaine Luetkemeyer,D+0.1,-0.1
2020,House,MO-04,Lindsey Simmons,Vicky Hartzler,R+0.1,0.1
2020,House,MO-05,Emanuel Cleaver,Ryan Derks,D+1.3,-1.3
2020,House,MO-06,Gena Ross,Sam Graves,R+2.8,2.8
2020,House,MO-07,Teresa Montseny,Billy Long,D+4.1,-4.1
2020,House,MO-08,Kathy Ellis,Jason Smith,D+3.4,-3.4
2020,House,MT-AL,Kathleen Williams,Matt Rosendale,D+6,-6
2020,House,NE-01,Kate Bolz,Jeff Fortenberry,R+2,2
2020,House,NE-02,Kara Eastman,Don Bacon,R+6.1,6.1
2020,House,NE-03,Mark Elworth,Adrian Smith,R+3.9,3.9
2020,House,NV-01,Dina Titus,Joyce Bentley,D+2.3,-2.3
2020,House,NV-02,Patricia Ackerman,Mark Amodei,R+1.7,1.7
2020,House,NV-03,Susie Lee,Dan Rodimer,D+2.7,-2.7
2020,House,NV-04,Steven Horsford,Jim Marchant,D+0.2,-0.2
2020,House,NH-01,Chris Pappas,Matt Mowers,R+0.1,0.1
2020,House,NH-02,Annie Kuster,Steve Negron,D+1.1,-1.1
2020,House,NJ-01,Donald Norcross,Claire Gustafson,R+2.6,2.6
2020,House,NJ-02,Amy Kennedy,Jeff Van Drew,D+0.4,-0.4
2020,House,NJ-03,Andy Kim,David Richter,D+8,-8
2020,House,NJ-04,Stephanie Schmid,Chris Smith,R+7,7
2020,House,NJ-05,Josh Gottheimer,Frank Pallotta,D+3.2,-3.2
2020,House,NJ-06,Frank Pallone,Christinan Onuoha,D+4.5,-4.5
2020,House,NJ-07,Tom Malinowski,Tom Kean,R+7.2,7.2
2020,House,NJ-08,Albio Sires,Jason Mushnick,D+0.3,-0.3
2020,House,NJ-09,Bill Pascrell,Billy Prempeh,D+6.2,-6.2
2020,House,NJ-10,Donald Payne,Jennifer Zinone,D+3.2,-3.2
2020,House,NJ-11,Mikie Sherrill,Rosemary Becchi,D+0.5,-0.5
2020,House,NJ-12,Bonnie Watson Coleman,Mark Razzoli,R+3.4,3.4
2020,House,NM-01,Deb Haaland,Michelle Garcia Holmes,R+6.5,6.5
2020,House,NM-02,Xochitl Torres Small,Yvette Herrell,D+4.6,-4.6
2020,House,NM-03,Teresa Leger Fernandez,Alexis Johnson,D+0.5,-0.5
2020,House,NY-01,Nancy Goroff,Lee Zeldin,R+2.4,2.4
2020,House,NY-02,Jackie Gordon,Andrew Garbarino,R+0.6,0.6
2020,House,NY-03,Tom Suozzi,George Santos,D+1.9,-1.9
2020,House,NY-04,Kathleen Rice,Douglas Tuman,D+0.3,-0.3
2020,House,NY-06,Grace Meng,Tom Zmich,D+8.2,-8.2
2020,House,NY-07,Nydia Velazquez,Brian Kelly,D+1.8,-1.8
2020,House,NY-08,Hakeem Jeffries,Garfield Wallace,D+0.4,-0.4
2020,House,NY-09,Yvette Clarke,Constantine Jean-Pierre,D+1.4,-1.4
2020,House,NY-10,Jerrold Nadler,Cathy Bernstein,R+6.9,6.9
2020,House,NY-11,Max Rose,Nicole Malliotakis,D+3.4,-3.4
2020,House,NY-12,Carolyn Maloney,Carlos Santiago-Cano,R+6.6,6.6
2020,House,NY-13,Adriano Espaillat,Lovelynn Gwinn,D+4.4,-4.4
2020,House,NY-14,Alexandria Ocasio-Cortez,John Cummings,R+5.2,5.2
2020,House,NY-15,Ritchie Torres,Patrick Delices,D+5,-5
2020,House,NY-17,Mondaire Jones,Maureen McArdle Schulman,D+4.7,-4.7
2020,House,NY-18,Sean Patrick Maloney,Chele Farley,D+8.7,-8.7
2020,House,NY-19,Antonio Delgado,Kyle Van De Water,D+10.1,-10.1
2020,House,NY-20,Paul Tonko,Elizabeth Joy,D+1.6,-1.6
2020,House,NY-21,Tedra Cobb,Elise Stefanik,R+3,3
2020,House,NY-22,Anthony Brindisi,Claudia Tenney,D+11.9,-11.9
2020,House,NY-23,Tracy Mitrano,Tom Reed,R+1.2,1.2
2020,House,NY-24,Dana Balter,John Katko,R+15.7,15.7
2020,House,NY-25,Joe Morelle,George Mitris,R+2.3,2.3
2020,House,NY-26,Brian Higgins,Ricky Donovan,D+14.1,-14.1
2020,House,NY-27,Nate McMurray,Chris Jacobs,D+0.6,-0.6
2020,House,NC-01,G.K. Butterfield,Sandy Smith,R+0.6,0.6
2020,House,NC-02,Deborah Ross,Alan Swain,R+0.3,0.3
2020,House,NC-03,Daryl Farrow,Greg Murphy,D+2,-2
2020,House,NC-04,David Price,Robert Thomas,R+1.6,1.6
2020,House,NC-05,David Wilson Brown,Virginia Foxx,D+4.4,-4.4
2020,House,NC-06,Kathy Manning,Lee Haywood,D+1,-1
2020,House,NC-07,Christopher Ward,David Rouzer,D+2.2,-2.2
2020,House,NC-08,Patricia Timmons-Goodson,Richard Hudson,D+4.4,-4.4
2020,House,NC-09,Cynthia Wallace,Dan Bishop,D+1.9,-1.9
2020,House,NC-10,David Parker,Patrick McHenry,D+4.3,-4.3
2020,House,NC-11,Moe Davis,Madison Cawthorn,D+2.7,-2.7
2020,House,NC-13,Scott Huffman,Ted Budd,D+3.7,-3.7
2020,House,ND-AL,Zach Raknerud,Kelly Armstrong,R+3.1,3.1
2020,House,OH-01,Kate Schroder,Steve Chabot,R+0.5,0.5
2020,House,OH-02,Jaime Castle,Brad Wenstrup,R+4.6,4.6
2020,House,OH-03,Joyce Beatty,Mark Richardson,R+2.2,2.2
2020,House,OH-04,Shannon Freshour,Jim Jordan,D+2,-2
2020,House,OH-05,Nick Rubando,Bob Latta,R+6.9,6.9
2020,House,OH-06,Shawna Roberts,Bill Johnson,D+1.1,-1.1
2020,House,OH-07,Quentin Potter,Bob Gibbs,R+4.1,4.1
2020,House,OH-08,Vanessa Enoch,Warren Davidson,D+0.3,-0.3
2020,House,OH-09,Marcy Kaptur,Ron Weber,D+4,-4
2020,House,OH-10,Desiree Tims,Mike Turner,R+8.7,8.7
2020,House,OH-11,Marcia Fudge,Laverne Gore,R+2.3,2.3
2020,House,OH-12,Alaina Shearer,Troy Balderson,R+3.3,3.3
2020,House,OH-13,Tim Ryan,Christina Hagan,D+2.1,-2.1
2020,House,OH-14,Hillary O'Connor Mueri,David Joyce,R+6.9,6.9
2020,House,OH-15,Joel Newby,Steve Stivers,R+7.9,7.9
2020,House,OH-16,Aaron Paul Godfrey,Anthony Gonzalez,R+7.1,7.1
2020,House,OK-01,Kojo Asamoa-Caesar,Kevin Hern,R+3.3,3.3
2020,House,OK-02,Danyell Lanier,Markwayne Mullin,D+3.6,-3.6
2020,House,OK-03,Zoe Midyett,Frank Lucas,D+0.7,-0.7
2020,House,OK-04,Mary Brannon,Tom Cole,D+0.1,-0.1
2020,House,OK-05,Kendra Horn,Stephanie Bice,D+3.4,-3.4
2020,House,OR-01,Suzanne Bonamici,Christopher Christensen,R+1.2,1.2
2020,House,OR-02,Alex Spenser,Cliff Bentz,R+5.3,5.3
2020,House,OR-03,Earl Blumenauer,Joanna Harbour,R+3.1,3.1
2020,House,OR-04,Peter DeFazio,Alek Skarlatos,D+1.2,-1.2
2020,House,OR-05,Kurt Schrader,Amy Ryan Courser,R+3.5,3.5
2020,House,PA-01,Christina Finello,Brian Fitzpatrick,R+14.8,14.8
2020,House,PA-02,Brendan Boyle,David Torres,D+0.8,-0.8
2020,House,PA-03,Dwight Evans,Michael Harvey,R+2.7,2.7
2020,House,PA-04,Madeleine Dean,Kathy Barnette,R+4.8,4.8
2020,House,PA-05,Mary Gay Scanlon,Dasha Pruett,R+2.9,2.9
2020,House,PA-06,Chrissy Houlahan,John Emmons,R+2.6,2.6
2020,House,PA-07,Susan Wild,Lisa Scheller,R+1.7,1.7
2020,House,PA-08,Matt Cartwright,Jim Bognet,D+8,-8
2020,House,PA-09,Gary Wegman,Dan Meuser,D+2.8,-2.8
2020,House,PA-10,Eugene DePasquale,Scott Perry,D+0.9,-0.9
2020,House,PA-11,Sarah Hammond,Lloyd Smucker,D+1.1,-1.1
2020,House,PA-12,Lee Griffin,Fred Keller,R+0.9,0.9
2020,House,PA-13,Todd Rowley,John Joyce,D+1.8,-1.8
2020,House,PA-14,Bill Marx,Guy Reschenthaler,D+3,-3
2020,House,PA-15,Robert Williams,Glenn Thompson,D+1.8,-1.8
2020,House,PA-16,Kristy Gnibus,Mike Kelly,D+3.9,-3.9
2020,House,PA-17,Conor Lamb,Sean Parnell,D+0.1,-0.1
2020,House,PA-18,Mike Doyle,Luke Negron,D+6.8,-6.8
2020,House,RI-02,Jim Langevin,Robert Lancia,D+2.5,-2.5
2020,House,SC-01,Joe Cunningham,Nancy Mace,D+6.3,-6.3
2020,House,SC-02,Adair Boroughs,Joe Wilson,D+3,-3
2020,House,SC-03,Hosea Cleveland,Jeff Duncan,D+0.2,-0.2
2020,House,SC-04,Kim Nelson,William Timmons,D+1.3,-1.3
2020,House,SC-05,Moe Brown,Ralph Norman,D+0.6,-0.6
2020,House,SC-06,Jim Clyburn,John McCollum,D+0.2,-0.2
2020,House,SC-07,Melissa Watson,Tom Rice,R+0.7,0.7
2020,House,TN-01,Blair Walsingham,Diana Harshbarger,D+4.4,-4.4
2020,House,TN-02,Renee Hoyos,Tim Burchett,R+2.7,2.7
2020,House,TN-03,Meg Gorman,Chuck Fleischmann,R+0.3,0.3
2020,House,TN-04,Christopher Hale,Scott DesJarlais,D+8.5,-8.5
2020,House,TN-06,Christopher Finley,John Rose,D+1.5,-1.5
2020,House,TN-07,Kiran Sreepada,Mark Green,R+2.8,2.8
2020,House,TN-08,Erika Stotts Pearson,David Kustoff,R+1.8,1.8
2020,House,TN-09,Steve Cohen,Charlotte Bergmann,R+0.1,0.1
2020,House,TX-01,Hank Gilbert,Louie Gohmert,D+3.6,-3.6
2020,House,TX-02,Sima Ladjevardian,Dan Crenshaw,R+4.8,4.8
2020,House,TX-03,Lulu Seikaly,Van Taylor,R+3.7,3.7
2020,House,TX-04,Russell Foster,Pat Fallon,R+0.4,0.4
2020,House,TX-05,Carolyn Salter,Lance Gooden,D+2.5,-2.5
2020,House,TX-06,Stephen Daniel,Ron Wright,D+0.5,-0.5
2020,House,TX-07,Lizzie Fletcher,Wesley Hunt,R+2.7,2.7
2020,House,TX-08,Elizabeth Hernandez,Kevin Brady,D+2.3,-2.3
2020,House,TX-09,Al Green,Johnny Teague,D+1.8,-1.8
2020,House,TX-10,Mike Siegel,Michael McCaul,D+0.1,-0.1
2020,House,TX-11,Jon Mark Hogg,August Pfluer,R+1.4,1.4
2020,House,TX-12,Lisa Welch,Kay Granger,R+1.5,1.5
2020,House,TX-13,Gus Trujillo,Ronny Jackson,D+2.6,-2.6
2020,House,TX-14,Adrienne Bell,Randy Weber,D+0.8,-0.8
2020,House,TX-15,Vicente Gonzalez,Monica de la Cruz,R+1.6,1.6
2020,House,TX-16,Veronica Escobar,Irene Armendariz-Jackson,R+6.2,6.2
2020,House,TX-17,Rick Kennedy,Pete Sessions,D+0.5,-0.5
2020,House,TX-18,Sheila Jackson Lee,Wendell Champion,R+2,2
2020,House,TX-19,Tom Watson,Jodey Arrington,R+0.4,0.4
2020,House,TX-20,Joaquin Castro,Mauro Garza,D+4.3,-4.3
2020,House,TX-21,Wendy Davis,Chip Roy,D+1.2,-1.2
2020,House,TX-22,Sri Preston Kulkarni,Troy Nehls,R+2.4,2.4
2020,House,TX-23,Gina Ortiz Jones,Tony Gonzales,R+1.2,1.2
2020,House,TX-24,Candance Valenzuela,Beth Van Duyne,R+1.8,1.8
2020,House,TX-25,Julie Oliver,Roger Williams,D+0.6,-0.6
2020,House,TX-26,Carol Iannuzzi,Michael Burgess,R+1.1,1.1
2020,House,TX-27,Ricardo de la Fuente,Michael Cloud,R+0.2,0.2
2020,House,TX-28,Henry Cuellar,Sandra Whitten,D+10.7,-10.7
2020,House,TX-29,Sylvia Garcia,Jaimy Blanco,D+8.6,-8.6
2020,House,TX-30,Eddie Bernice Johnson,Tre Pennie,D+1.4,-1.4
2020,House,TX-31,Donna Imam,John Carter,D+0.3,-0.3
2020,House,TX-32,Colin Allred,Genevieve Collins,R+2,2
2020,House,TX-33,Marc Veasey,Fabian Vasquez,R+2.9,2.9
2020,House,TX-34,Filemon Vela,Rey Gonzalez,D+5.7,-5.7
2020,House,TX-35,Lloyd Doggett,Jenny Garcia Sharon,D+0.1,-0.1
2020,House,TX-36,Rashad Lewis,Brian Babin,D+0.5,-0.5
2020,House,UT-01,Darren Parry,Blake Moore,R+2,2
2020,House,UT-02,Kael Weston,Chris Stewart,R+3.3,3.3
2020,House,UT-03,Devin Thorpe,John Curtis,R+12.3,12.3
2020,House,UT-04,Ben McAdams,Burgess Owens,D+7.5,-7.5
2020,House,VT-AL,Peter Welch,Miriam Berry,D+5.3,-5.3
2020,House,VA-01,Qasim Rashid,Rob Wittman,R+6.4,6.4
2020,House,VA-02,Elaine Luria,Scott Taylor,D+2.7,-2.7
2020,House,VA-03,Bobby Scott,John Collick,D+0.9,-0.9
2020,House,VA-04,Donald McEachin,Leon Benjamin,R+1.4,1.4
2020,House,VA-05,Cameron Webb,Bob Good,D+4.8,-4.8
2020,House,VA-06,Nicholas Betts,Ben Cline,R+2.8,2.8
2020,House,VA-07,Abigail Spanberger,Nick Freitas,D+2.3,-2.3
2020,House,VA-08,Don Beyer,Jeff Jordan,R+6.5,6.5
2020,House,VA-10,Jennifer Wexton,Aliscia Andrews,R+4.4,4.4
2020,House,VA-11,Gerry Connolly,Manga Anantatmula,R+0.1,0.1
2020,House,WA-01,Suzan DelBene,Jeffrey Beeler,R+5.5,5.5
2020,House,WA-02,Rick Larsen,Tim Hazelo,R+2.4,2.4
2020,House,WA-03,Carolyn Long,Jaime Herrera Beutler,R+5.3,5.3
2020,House,WA-04,Douglas McKinley,Dan Newhouse,R+7.9,7.9
2020,House,WA-05,Davis Wilson,Cathy McMorris Rodgers,R+7.8,7.8
2020,House,WA-06,Derek Kilmer,Elizabeth Kreiselmaier,R+0.5,0.5
2020,House,WA-07,Pramila Jayapal,Craig Keller,R+10.7,10.7
2020,House,WA-08,Kim Schrier,Jesse Jensen,R+3.7,3.7
2020,House,WA-09,Adam Smith,Doug Basler,R+2.7,2.7
2020,House,WV-01,Natalie Cline,David McKinley,D+5.6,-5.6
2020,House,WV-02,Cathy Kunkel,Alex Mooney,D+11.1,-11.1
2020,House,WV-03,Hilary Turner,Carol Miller,D+9.7,-9.7
2020,House,WI-01,Roger Polack,Bryan Steil,R+5.3,5.3
2020,House,WI-02,Mark Pocan,Peter Theron,R+3.1,3.1
2020,House,WI-03,Ron Kind,Derrick Van Orden,D+6.1,-6.1
2020,House,WI-04,Gwen Moore,Tim Rogers,R+2.3,2.3
2020,House,WI-05,Tom Palzewicz,Scott Fitzgerald,R+2.1,2.1
2020,House,WI-06,Jessica King,Glenn Grothman,D+1.1,-1.1
2020,House,WI-07,Tricia Zunker,Tom Tiffany,D+1.9,-1.9
2020,House,WI-08,Amanda Stuck,Mike Gallagher,R+8,8
2020,House,WY-AL,Lynnette Grey Bull,Liz Cheney,D+3.7,-3.7
2020,Senate,Montana,Steve Bullock,Steve Daines,D+10.7,-10.7
2020,Senate,Oregon,Jeff Merkley,Jo Rae Perkins,D+0.3,-0.3
2020,Senate,Idaho,Paulette Jordan,Jim Risch,D+5.1,-5.1
2020,Senate,Arizona,Mark Kelly,Martha McSally,D+4.6,-4.6
2020,Senate,Maine,Sara Gideon,Susan Collins,R+14.1,14.1
2020,Senate,North Carolina,Cal Cunningham,Thom Tillis,D+3.2,-3.2
2020,Senate,Colorado,John Hickenlooper,Cory Gardner,D+0.8,-0.8
2020,Senate,New Mexico,Ben Ray Lujan,Mark Ronchetti,R+2.7,2.7
2020,Senate,Alabama,Doug Jones,Tommy Tuberville,D+5,-5
2020,Senate,Michigan,Gary Peters,John James,R+1,1
2020,Senate,Louisiana,Various Democrats,Bill Cassidy,R+3.6,3.6
2020,Senate,Wyoming,Merav Ben-David,Cynthia Lummis,D+2.4,-2.4
2020,Senate,Minnesota,Tina Smith,Jason Lewis,R+1.4,1.4
2020,Senate,Illinois,Dick Durbin,Mark Curran,R+2.5,2.5
2020,Senate,West Virginia,Paula Jean Swearengin,Shelley Moore Capito,R+1,1
2020,Senate,Texas,MJ Hegar,John Cornyn,D+0.7,-0.7
2020,Senate,Mississippi,Mike Espy,Cindy Hyde-Smith,D+9.5,-9.5
2020,Senate,Kansas,Barbara Bollier,Roger Marshall,D+5.9,-5.9
2020,Senate,South Carolina,Jamie Harrison,Lindsey Graham,D+5.3,-5.3
2020,Senate,New Jersey,Cory Booker,Rik Mehta,R+0.9,0.9
2020,Senate,Delaware,Chris Coons,Lauren Witzke,D+3,-3
2020,Senate,Iowa,Teresa Greenfield,Joni Ernst,D+4.3,-4.3
2020,Senate,Arkansas,Ricky Dale Harrington (L),Tom Cotton,D+0.2,-0.2
2020,Senate,Nebraska,Various Democrats,Ben Sasse,R+8.4,8.4
2020,Senate,Georgia Special,Raphael Warnock,Kelly Loeffler,D+5.1,-5.1
2020,Senate,Georgia,Jon Ossoff,David Perdue,D+6.1,-6.1
2020,Senate,South Dakota,Dan Ahlers,Mike Rounds,D+0.6,-0.6
2020,Senate,Alaska,Al Gross,Dan Sullivan,D+1.5,-1.5
2020,Senate,Virginia,Mark Warner,Daniel Gade,D+2.1,-2.1
2020,Senate,Tennessee,Marquita Bradshaw,Bill Hagerty,R+1.1,1.1
2020,Senate,Kentucky,Amy McGrath,Mitch McConnell,D+9.6,-9.6
2020,Senate,Oklahoma,Abby Broyles,Jim Inhofe,D+7,-7
2020,Senate,New Hampshire,Jeanne Shaheen,Corky Messner,D+8.7,-8.7
2020,Senate,Rhode Island,Jack Reed,Allen Waters,D+10.9,-10.9
2020,Senate,Massachusetts,Ed Markey,Kevin O'Connor,R+2,2
